username,email,cash_balance
Kamilah,kgoakes0@newyorker.com,100000
Kelsi,krikkard1@upenn.edu,100000
Darcee,ddumpleton2@pbs.org,100000
Ashton,akneaphsey3@reddit.com,100000
Theadora,tfahrenbach4@cam.ac.uk,100000
Delores,dsharrock5@privacy.gov.au,100000
Francisco,fbicheno6@canalblog.com,100000
Felizio,fsize7@marriott.com,100000
Jemmy,jkinzett8@parallels.com,100000
Welbie,wantalffy9@weather.com,100000
Cybill,cmusgrovea@gizmodo.com,100000
Laure,lnindb@icq.com,100000
Elna,elegravec@feedburner.com,100000
Michell,mdadamod@altervista.org,100000
Worden,wblenkinsoppe@cnn.com,100000
Olivie,obickertonf@gizmodo.com,100000
Catrina,ccozensg@usatoday.com,100000
Janetta,jdoulh@buzzfeed.com,100000
Pernell,pbradnecki@pagesperso-orange.fr,100000
Eveleen,egaffeyj@salon.com,100000
Barty,bcopingk@wunderground.com,100000
Wilfrid,wsignoretl@tamu.edu,100000
Amara,apreddlem@dyndns.org,100000
Juliana,jlambrichtn@facebook.com,100000
Maximilian,mmatchello@bizjournals.com,100000
Danella,dcottisfordp@miibeian.gov.cn,100000
Babbette,bdowneyq@webs.com,100000
Arlina,adeavallr@comsenz.com,100000
Neale,ndoggerells@comcast.net,100000
Ricoriki,rdanhelt@time.com,100000
Jerrold,jatheisu@homestead.com,100000
Larissa,linglissv@businesswire.com,100000
Davidde,dritzmanw@people.com.cn,100000
Diego,dmacwilliamx@seesaa.net,100000
Leroi,lhingeleyy@amazonaws.com,100000
Syd,sgodspedez@jigsy.com,100000
Weylin,waldam10@bluehost.com,100000
Ardella,aborrott11@marriott.com,100000
Aubrey,abeech12@csmonitor.com,100000
Englebert,emarmion13@pcworld.com,100000
Dewey,dchilders14@delicious.com,100000
Reiko,rrubbens15@mozilla.org,100000
Jannel,jbissiker16@google.cn,100000
Rosemonde,rmileham17@zdnet.com,100000
Tuesday,twebber18@addtoany.com,100000
Neall,nguerreiro19@house.gov,100000
Jewell,jhuton1a@narod.ru,100000
Carree,cjennins1b@tripadvisor.com,100000
Joly,jmogey1c@mozilla.com,100000
Nixie,ngolling1d@skype.com,100000
Katharina,ksommerly1e@addthis.com,100000
Artemis,aeardley1f@gravatar.com,100000
Fonz,fjozefiak1g@forbes.com,100000
Parry,pbier1h@cnet.com,100000
Kimbra,klowdyane1i@usgs.gov,100000
Erick,emutch1j@indiegogo.com,100000
Ives,ijaukovic1k@ihg.com,100000
Ruben,rscambler1l@sourceforge.net,100000
Chery,croderham1m@icio.us,100000
Miranda,mpeagram1n@e-recht24.de,100000
Joey,jburlingham1o@princeton.edu,100000
Andi,aellerington1p@chicagotribune.com,100000
Iggy,ibriscow1q@instagram.com,100000
Stephine,sallcroft1r@infoseek.co.jp,100000
Galvin,gjeeves1s@salon.com,100000
Madge,mskeete1t@e-recht24.de,100000
Bendix,bdelacoste1u@ibm.com,100000
Basile,bbau1v@google.co.jp,100000
Tory,tnorthley1w@joomla.org,100000
Pegeen,pivory1x@xinhuanet.com,100000
Warren,wbrader1y@mayoclinic.com,100000
Sylas,sbutterfield1z@businessinsider.com,100000
Nerte,nwarbey20@si.edu,100000
Morena,mmccluney21@goo.ne.jp,100000
Blakelee,bdignum22@prlog.org,100000
Brant,bsherbrook23@tiny.cc,100000
Breanne,bfunnell24@dyndns.org,100000
Janey,jglencrash25@samsung.com,100000
Rancell,rjamary26@elegantthemes.com,100000
Vinnie,vgittose27@google.co.jp,100000
Querida,qfather28@nbcnews.com,100000
Den,dniesel29@nyu.edu,100000
Corissa,ckilvington2a@bandcamp.com,100000
Humfried,hmathieson2b@tripod.com,100000
Tymon,tgronous2c@constantcontact.com,100000
Kariotta,kfittis2d@patch.com,100000
Jarid,jvost2e@ning.com,100000
Gabriella,gzettoi2f@oakley.com,100000
Vassily,vbener2g@timesonline.co.uk,100000
Mignon,mwrixon2h@barnesandnoble.com,100000
Iggie,ijackman2i@1688.com,100000
Lennard,lsnowball2j@nih.gov,100000
Elle,ebagguley2k@ezinearticles.com,100000
Jeramie,jshanahan2l@meetup.com,100000
Rona,rcandey2m@ocn.ne.jp,100000
Toni,teppson2n@yale.edu,100000
Marya,mhast2o@meetup.com,100000
Sally,scalladine2p@smugmug.com,100000
Nita,nputtick2q@princeton.edu,100000
Maxine,mmacnair2r@last.fm,100000
Melissa,mjarmain2s@vinaora.com,100000
Morissa,mmordan2t@barnesandnoble.com,100000
Nappy,nchurm2u@mayoclinic.com,100000
Gracie,gstrippel2v@hatena.ne.jp,100000
Mariam,mcrayke2w@dropbox.com,100000
Dag,dferrara2x@slate.com,100000
Evania,eabrahamson2y@irs.gov,100000
Huntington,hfallis2z@bbb.org,100000
Gale,gokinneally30@furl.net,100000
Jason,jriccardi31@dropbox.com,100000
Godwin,gjirek32@tinypic.com,100000
Alard,awedgwood33@spiegel.de,100000
Lindsy,lgaughan34@cdc.gov,100000
Myrtie,msigg35@comcast.net,100000
Horatia,hrustidge36@e-recht24.de,100000
Luther,lhablot37@themeforest.net,100000
Boony,bpetegre38@constantcontact.com,100000
Leonidas,lbaversor39@kickstarter.com,100000
Ignacius,idomenge3a@topsy.com,100000
Farrand,fschimmang3b@prlog.org,100000
Emma,eblues3c@usnews.com,100000
Ermanno,etimmermann3d@mac.com,100000
Mitzi,mkennagh3e@archive.org,100000
Tarah,tgethouse3f@purevolume.com,100000
Meris,msmeuin3g@qq.com,100000
Tova,tmorgans3h@mysql.com,100000
Tabbi,tbaumber3i@mediafire.com,100000
Maryjane,mbiever3j@virginia.edu,100000
Bethany,bkenyam3k@cisco.com,100000
Nyssa,nwiskar3l@google.com.hk,100000
Toddy,tshenton3m@mediafire.com,100000
Lory,lbenedit3n@moonfruit.com,100000
Ruddy,rbjerkan3o@dailymotion.com,100000
Elsi,erawet3p@spotify.com,100000
Bren,blatham3q@wunderground.com,100000
Chase,cmccerery3r@netlog.com,100000
Sherwin,sklauber3s@infoseek.co.jp,100000
Lani,ldugget3t@goo.ne.jp,100000
Saundra,svolleth3u@weibo.com,100000
Beverlie,bmacphaden3v@spotify.com,100000
Benson,bgrills3w@nps.gov,100000
Giovanna,gabrahami3x@ibm.com,100000
Chery,caloshechkin3y@comcast.net,100000
Marget,mtreske3z@comsenz.com,100000
Joseito,jmattek40@pinterest.com,100000
Hildy,hsmallman41@mediafire.com,100000
Cherye,cpuddan42@ustream.tv,100000
Dion,dwardlow43@cam.ac.uk,100000
Nevin,nchaikovski44@admin.ch,100000
Ronda,rkornel45@t-online.de,100000
Rourke,rmaskell46@ebay.com,100000
Umberto,umacness47@hugedomains.com,100000
Sherry,sburrel48@yellowbook.com,100000
Mikey,mdowney49@tripod.com,100000
Grenville,gbrignall4a@mediafire.com,100000
Hedi,hleacock4b@squidoo.com,100000
Jo,jolliver4c@marriott.com,100000
Ingeborg,isleightholm4d@chron.com,100000
Sammy,sfellows4e@tiny.cc,100000
Hedwiga,hmines4f@skype.com,100000
Berny,bdevorill4g@ox.ac.uk,100000
Urson,uprice4h@soup.io,100000
Tera,twordsworth4i@angelfire.com,100000
Aundrea,apearn4j@mysql.com,100000
Son,sminihane4k@google.it,100000
Denise,dferbrache4l@guardian.co.uk,100000
Emmeline,eeschelle4m@prnewswire.com,100000
Marcela,mbottelstone4n@is.gd,100000
Bronson,bdenyer4o@smh.com.au,100000
Karlotte,kpinkstone4p@webs.com,100000
Dame,dbagworth4q@youtu.be,100000
Amity,ascaife4r@meetup.com,100000
Farrand,fanthonies4s@mysql.com,100000
Kurtis,kslewcock4t@example.com,100000
Abba,ablowing4u@wikia.com,100000
Geoff,gmcdougall4v@admin.ch,100000
Burch,bcardello4w@printfriendly.com,100000
Karylin,kgent4x@discovery.com,100000
Yehudi,yginner4y@sina.com.cn,100000
Kaela,kpucknell4z@jigsy.com,100000
Ottilie,oivantsov50@youtube.com,100000
Lucretia,lgarry51@ocn.ne.jp,100000
Kelly,khayers52@friendfeed.com,100000
Ambrosius,asellar53@dot.gov,100000
Kimberlyn,kdorsey54@nhs.uk,100000
Ania,awermerling55@google.com.au,100000
Ricki,rpaynton56@google.co.uk,100000
Jude,jpresman57@jimdo.com,100000
Wylie,wepperson58@163.com,100000
Yorgo,ycapon59@washingtonpost.com,100000
Corina,cclyburn5a@pen.io,100000
Cathlene,cchitter5b@reddit.com,100000
Jeanne,jrattrie5c@nih.gov,100000
Opal,omasson5d@disqus.com,100000
Dalli,dlowings5e@globo.com,100000
Fallon,fpoulson5f@slashdot.org,100000
Celina,cwhipple5g@artisteer.com,100000
Jocko,jwimpeney5h@go.com,100000
Ianthe,iglowacz5i@aboutads.info,100000
Chris,cmouncey5j@rediff.com,100000
Joni,jrape5k@google.de,100000
Allx,aizzard5l@1und1.de,100000
Ashien,aseal5m@facebook.com,100000
Myrlene,mmclernon5n@sun.com,100000
Lurlene,lskeats5o@miitbeian.gov.cn,100000
Rolland,rlabuschagne5p@reuters.com,100000
Ivette,ijammet5q@freewebs.com,100000
Fedora,fcambling5r@about.me,100000
Nobie,nworgen5s@hud.gov,100000
Johannah,jipgrave5t@weather.com,100000
Morten,mallderidge5u@trellian.com,100000
Kym,kmawson5v@de.vu,100000
Mireille,mtownby5w@nyu.edu,100000
Abagael,aflewitt5x@shutterfly.com,100000
Martin,mcordobes5y@sfgate.com,100000
Nevile,npulver5z@usda.gov,100000
Wyndham,wmccourt60@apple.com,100000
Benny,bquittonden61@fastcompany.com,100000
Franny,fbartles62@cargocollective.com,100000
Bud,brosendorf63@tumblr.com,100000
Janka,jblockwell64@psu.edu,100000
Sonnie,sclampin65@eepurl.com,100000
Jobye,jfydoe66@w3.org,100000
Clemmy,cmckeown67@msn.com,100000
Stafford,swellesley68@blinklist.com,100000
Earvin,egorghetto69@canalblog.com,100000
Charil,cjoddens6a@indiatimes.com,100000
Dolf,dpaunsford6b@hubpages.com,100000
Marguerite,mgarfath6c@prnewswire.com,100000
Alma,arolling6d@lycos.com,100000
Kathy,kprimo6e@blog.com,100000
Frederique,fstobart6f@tiny.cc,100000
Oberon,obradnam6g@issuu.com,100000
Frayda,fhauger6h@bing.com,100000
Lacy,llarcher6i@cnbc.com,100000
Yancy,ygiacopazzi6j@loc.gov,100000
Nara,nlachaize6k@bloomberg.com,100000
Brianne,bmccomb6l@fema.gov,100000
Giraud,gdugo6m@google.co.uk,100000
Ulrikaumeko,uatkin6n@reverbnation.com,100000
Creigh,cjanoch6o@nba.com,100000
Pieter,pcrier6p@mlb.com,100000
Ynes,ysilversmidt6q@sohu.com,100000
Egor,eblazejewski6r@ted.com,100000
Georgena,glepruvost6s@archive.org,100000
Eryn,edadda6t@stumbleupon.com,100000
Lefty,lelacoate6u@furl.net,100000
Linell,ldewfall6v@ed.gov,100000
Trude,tamber6w@sogou.com,100000
Vi,vcrux6x@flavors.me,100000
Ahmad,aolivi6y@gnu.org,100000
Sholom,sdefries6z@miitbeian.gov.cn,100000
Morrie,mprinn70@free.fr,100000
Christoph,cfingleton71@prlog.org,100000
Didi,djacobssen72@fema.gov,100000
Jonie,jsherrum73@mapquest.com,100000
Dino,ddenington74@linkedin.com,100000
Winifield,wbaynham75@e-recht24.de,100000
Walton,wspurrior76@cocolog-nifty.com,100000
Enid,etroyes77@flavors.me,100000
Eirena,edanniell78@disqus.com,100000
Lisle,lvansaltsberg79@hhs.gov,100000
Patti,phastings7a@hud.gov,100000
Stanislas,spinkstone7b@ovh.net,100000
Celia,csoldner7c@stumbleupon.com,100000
Myrtle,mwennam7d@amazon.co.jp,100000
Kearney,kverna7e@prlog.org,100000
Packston,pwilton7f@usda.gov,100000
Burnard,bweedenburg7g@umn.edu,100000
Garrick,gmcclinton7h@ed.gov,100000
Zora,zelgy7i@ibm.com,100000
Lisette,lmattheeuw7j@stumbleupon.com,100000
Ronni,rboutwell7k@instagram.com,100000
Harmony,hstanlock7l@cafepress.com,100000
Hinze,htrayford7m@europa.eu,100000
Angel,aritson7n@cisco.com,100000
Jabez,jvye7o@forbes.com,100000
Had,hreina7p@reuters.com,100000
Katya,kommundsen7q@ft.com,100000
Bobby,braspin7r@netvibes.com,100000
Mylo,mrayne7s@merriam-webster.com,100000
Kathryne,ktiuit7t@comcast.net,100000
Jeddy,jmckelvie7u@squarespace.com,100000
Claudetta,ctethcote7v@so-net.ne.jp,100000
Oliver,obathoe7w@chronoengine.com,100000
Keelia,kbonafant7x@samsung.com,100000
Kori,kblase7y@sciencedaily.com,100000
Mureil,mhillam7z@yolasite.com,100000
Bartholomew,bcrammy80@youtube.com,100000
Gwyneth,gpeperell81@51.la,100000
Rosa,rbodocs82@whitehouse.gov,100000
Donaugh,dberendsen83@comsenz.com,100000
Jaquith,jscudders84@skype.com,100000
Giorgi,gespley85@toplist.cz,100000
Joyan,jfaulds86@scribd.com,100000
Antoine,abrimley87@arizona.edu,100000
Leela,lmccurrie88@weibo.com,100000
Mattie,mtuck89@mac.com,100000
Cahra,ccatley8a@baidu.com,100000
Melania,mdymond8b@bloomberg.com,100000
Saw,swoolcocks8c@adobe.com,100000
Roddie,rfavela8d@chron.com,100000
Melania,mblackborne8e@utexas.edu,100000
Emili,eskein8f@reuters.com,100000
Imogen,ihorsfield8g@wisc.edu,100000
Johnnie,jkincaid8h@samsung.com,100000
Kermie,knazareth8i@usgs.gov,100000
Lorrin,lvandalen8j@unc.edu,100000
Anna,alambeth8k@dot.gov,100000
Micky,mdrakes8l@last.fm,100000
Fritz,fsanday8m@qq.com,100000
Nathanil,nhoggins8n@feedburner.com,100000
Berkeley,bclyburn8o@posterous.com,100000
Ulric,uharriday8p@instagram.com,100000
Crista,cdeluce8q@ftc.gov,100000
Gabriela,gpakenham8r@msn.com,100000
Colver,cpomfret8s@seesaa.net,100000
Stephan,ssharpless8t@fastcompany.com,100000
Daisy,dgoch8u@github.io,100000
Sholom,spindar8v@slideshare.net,100000
Gwenni,gslatten8w@ft.com,100000
Kim,kaseef8x@people.com.cn,100000
Rachele,rscough8y@studiopress.com,100000
Barron,bsprade8z@hibu.com,100000
Evangelia,efozzard90@lulu.com,100000
Mallory,myaxley91@japanpost.jp,100000
Janelle,jdarrel92@netvibes.com,100000
Mahmud,mhallut93@seattletimes.com,100000
Edouard,esinton94@networksolutions.com,100000
Mace,mfaveryear95@mysql.com,100000
Orran,ohalwill96@yolasite.com,100000
Michel,mbusch97@webnode.com,100000
Lori,ldraude98@harvard.edu,100000
Elia,elatan99@cornell.edu,100000
Ardith,anorthcott9a@earthlink.net,100000
Elizabeth,ebartozzi9b@google.pl,100000
Joseph,jclaffey9c@addtoany.com,100000
Page,pdaingerfield9d@macromedia.com,100000
Tome,tjacklin9e@usnews.com,100000
Tybi,tizakovitz9f@spotify.com,100000
Vaughn,vjoselson9g@blogspot.com,100000
Debbie,ddulling9h@twitter.com,100000
Eartha,emcgiven9i@who.int,100000
Gerick,gderington9j@google.com.au,100000
Marje,mwisker9k@auda.org.au,100000
Lavinie,lstuddal9l@hexun.com,100000
Nicolette,nbennit9m@cyberchimps.com,100000
Egon,edark9n@topsy.com,100000
Lothario,lsidry9o@vinaora.com,100000
Delia,dcafferky9p@businessweek.com,100000
Margaux,mzamboniari9q@friendfeed.com,100000
Xena,xlooby9r@friendfeed.com,100000
Alta,ajoy9s@princeton.edu,100000
Bea,bscandrett9t@weibo.com,100000
Edgard,elampl9u@edublogs.org,100000
Joyann,jbleue9v@alexa.com,100000
Ede,ececere9w@diigo.com,100000
Nisse,ngoodspeed9x@slashdot.org,100000
Renard,rwandrey9y@gnu.org,100000
Oralee,osalliss9z@chronoengine.com,100000
Waylon,wlenscha0@slate.com,100000
Jarrad,jstowa1@bigcartel.com,100000
Kylila,kshawdfortha2@mail.ru,100000
Nicoli,nfancutta3@t-online.de,100000
Niki,naulta4@etsy.com,100000
Vince,vbradnama5@simplemachines.org,100000
Sandra,scavena6@omniture.com,100000
Briny,bmatisoffa7@earthlink.net,100000
Beatriz,bschotta8@plala.or.jp,100000
Barnett,bwhinneya9@yellowbook.com,100000
Stormi,sshouttaa@hatena.ne.jp,100000
Howey,hbrogginiab@scribd.com,100000
Wyatan,wsleightholmac@theglobeandmail.com,100000
Avram,ahollyerad@fda.gov,100000
Jennilee,jfeldmannae@thetimes.co.uk,100000
Conchita,cjoburnaf@berkeley.edu,100000
Brina,bsemmenceag@list-manage.com,100000
Teriann,tbrislaneah@jigsy.com,100000
Addy,ahelversenai@icq.com,100000
Moises,mtuckwoodaj@earthlink.net,100000
Sheffy,swhaleyak@printfriendly.com,100000
Ora,owarykal@epa.gov,100000
Gypsy,gmyottam@google.co.jp,100000
Brett,bjewellan@mtv.com,100000
Bernadina,bmidlarao@zimbio.com,100000
Fax,fantwisap@dell.com,100000
Shir,srundallaq@java.com,100000
Teresa,trzehorzar@soup.io,100000
Herc,hgoodlipas@auda.org.au,100000
Atalanta,acowpeat@mail.ru,100000
Candice,cimlenau@timesonline.co.uk,100000
Ulrikaumeko,uleveeav@sbwire.com,100000
Rance,roverallaw@google.com.hk,100000
Meredith,mlednerax@mlb.com,100000
Clive,cbaumannay@whitehouse.gov,100000
Vale,vpohlkeaz@123-reg.co.uk,100000
Haydon,hconybearb0@t.co,100000
Audra,atrobeb1@hud.gov,100000
Dion,dkrikorianb2@weebly.com,100000
Maegan,mbannb3@amazon.de,100000
Federico,fosbidstonb4@sohu.com,100000
Grover,ggregonb5@virginia.edu,100000
Owen,operciferb6@sciencedaily.com,100000
Amabel,aliepinsb7@virginia.edu,100000
Daryl,djeffryesb8@flickr.com,100000
Kirbee,kchiommientib9@omniture.com,100000
Dion,dyerlettba@ifeng.com,100000
Camile,cgozneybb@narod.ru,100000
Leda,lacresbc@nytimes.com,100000
Evelyn,edoftybd@jugem.jp,100000
Shirline,swoodesonbe@pen.io,100000
Brose,bbulluckbf@g.co,100000
Westbrooke,wodeebg@goo.gl,100000
Izak,ipeekebh@etsy.com,100000
Nils,npawleybi@bing.com,100000
Rogerio,rroskeillybj@live.com,100000
Donalt,dsargantbk@usnews.com,100000
Arlene,acaccavalebl@bing.com,100000
Rozalie,rleadstonbm@nyu.edu,100000
Janet,jreedebn@upenn.edu,100000
Darell,dlagnebo@pcworld.com,100000
Elysee,esolebp@mapquest.com,100000
Freedman,fpreedybq@mediafire.com,100000
Imelda,isconebr@guardian.co.uk,100000
Harvey,hwoolmerbs@hexun.com,100000
Kippy,klyptritbt@ucla.edu,100000
Nicholle,nfairniebu@mashable.com,100000
Giacinta,gpemblebv@army.mil,100000
Kaiser,khowlesbw@gov.uk,100000
Rouvin,rgrindallbx@google.it,100000
Gilligan,gdeveyby@epa.gov,100000
Rosamund,rbyforthbz@domainmarket.com,100000
Sapphira,sbavidgec0@geocities.jp,100000
Hyacinth,hcodmanc1@newyorker.com,100000
Maynard,mzannic2@artisteer.com,100000
Idalina,imatuszewskic3@prlog.org,100000
Jacky,jschimekc4@jigsy.com,100000
Ewan,emcdellc5@biblegateway.com,100000
Edik,emallabonc6@seesaa.net,100000
Hal,hcopperwaitec7@nymag.com,100000
Xylina,xcordierc8@ucla.edu,100000
Micky,mtabbernorc9@google.com.hk,100000
Launce,lmcginlyca@apple.com,100000
Halley,hfrightcb@live.com,100000
Dolly,doheneghancc@cornell.edu,100000
Emyle,ehalewoodcd@zimbio.com,100000
Flo,fshentonce@unc.edu,100000
Kiah,kdelaprellecf@discuz.net,100000
Emmery,edegoeycg@usgs.gov,100000
Tulley,tcasperrich@hugedomains.com,100000
Corby,cleathersci@howstuffworks.com,100000
Jeanine,jmcgonigalcj@joomla.org,100000
Emiline,erenackownack@ucoz.ru,100000
Joye,jcrossoncl@mozilla.com,100000
Zared,zbrombellcm@hc360.com,100000
Marcellina,mmadgincn@soup.io,100000
Linet,lmaffiottico@dell.com,100000
Amber,asycecp@marketwatch.com,100000
Ailbert,afroodcq@furl.net,100000
Monro,mmackrocr@xrea.com,100000
Carol-jean,caiziccs@nba.com,100000
Monique,mcomportct@biblegateway.com,100000
Claribel,cbrandelcu@imdb.com,100000
Sydel,saylesburycv@over-blog.com,100000
Mannie,mciobotarocw@sakura.ne.jp,100000
Siward,sbraffingtoncx@goo.gl,100000
Nissie,nlabarrecy@boston.com,100000
Daphna,dsunnerscz@jimdo.com,100000
Lolita,llambornd0@nationalgeographic.com,100000
Elmira,eoscanland1@epa.gov,100000
Valentijn,vlouisotd2@indiegogo.com,100000
Penrod,pmcnirland3@quantcast.com,100000
Chico,ctiffneyd4@nhs.uk,100000
Ulrick,ucasinod5@mediafire.com,100000
Lila,lthrusselld6@webmd.com,100000
Constantina,cderryd7@loc.gov,100000
Ethyl,evlasovd8@livejournal.com,100000
Bonita,bgrenvilled9@aol.com,100000
Cointon,cburmanda@vinaora.com,100000
Nelly,nkearneydb@mit.edu,100000
Hebert,hfolinidc@irs.gov,100000
Gennie,gburmasterdd@dell.com,100000
Hercule,hbarukhde@stumbleupon.com,100000
Dell,ddymockedf@acquirethisname.com,100000
Cordie,cmccutheondg@noaa.gov,100000
Helsa,hsilverthorndh@hao123.com,100000
Vern,vheckdi@nih.gov,100000
Sasha,swillasdj@adobe.com,100000
Christian,chinschedk@ucoz.ru,100000
Meggy,mgenikedl@soup.io,100000
Yankee,ymccrackendm@msu.edu,100000
Rakel,rbruntjedn@51.la,100000
Alphonse,asrawleydo@whitehouse.gov,100000
Hersh,hpaurdp@blogs.com,100000
Fabiano,fabelwhitedq@aol.com,100000
Uriah,utakosdr@noaa.gov,100000
Dorolice,dkelleds@wikia.com,100000
Daveen,dsimonydt@reuters.com,100000
Grace,gleyninyedu@vistaprint.com,100000
Celestia,cscaddondv@biblegateway.com,100000
