date,open_price,high_price,low_price,close_price,no_of_shares,no_of_trades,total_turnover
2026-01-09,340.85,341.0,336.1,337.1,2707167,62016,915327276.0
2026-01-08,341.5,344.95,339.0,340.9,2691424,62312,918179170.0
2026-01-07,342.85,344.5,339.35,341.35,2056507,57713,703003060.0
2026-01-06,350.05,350.85,337.9,342.45,3855421,84934,1325893526.0
2026-01-05,350.15,353.9,346.3,349.7,3273277,60359,1147907799.0
2026-01-02,360.45,360.45,345.35,350.15,8128503,159687,2841721490.0
2026-01-01,402.25,402.3,362.7,363.95,11884149,198130,4432549306.0
2025-12-31,401.05,403.7,400.65,403.0,365582,18913,147273126.0
2025-12-30,401.85,403.45,400.4,400.6,412174,7841,165438564.0
2025-12-29,403.45,404.6,400.0,402.4,45895849,17868,18361819503.0
2025-12-26,405.1,407.2,403.65,404.3,425049,11178,172024462.0
2025-12-24,407.05,409.1,405.45,406.65,1608273,28000,654945360.0
2025-12-23,401.8,408.9,401.8,407.65,609312,12190,246900334.0
2025-12-22,401.1,403.65,401.0,402.55,565424,10373,227719666.0
2025-12-19,400.95,402.95,400.35,401.1,989497,6847,397765191.0
2025-12-18,399.95,402.0,399.75,400.2,1051875,28058,421811253.0
2025-12-17,401.65,403.0,399.3,399.95,4011014,13073,1606168864.0
2025-12-16,401.0,405.65,401.0,401.7,622327,9715,251234727.0
2025-12-15,399.65,403.35,399.65,402.3,491708,11639,197553094.0
2025-12-12,402.55,403.85,400.0,400.5,703404,13523,282170881.0
2025-12-11,403.1,404.0,401.2,403.05,1251248,30159,503777089.0
2025-12-10,400.85,404.5,400.85,403.1,512726,22385,206857990.0
2025-12-09,402.35,404.5,400.1,400.85,619248,7235,249712803.0
2025-12-08,404.55,405.25,400.7,402.15,729597,7536,294580995.0
2025-12-05,403.05,405.35,401.8,404.8,598309,12464,241691869.0
2025-12-04,400.25,403.4,399.05,403.05,2453631,19761,986718575.0
2025-12-03,401.35,402.2,398.9,400.55,1385564,19577,554988590.0
2025-12-02,401.15,405.4,400.5,401.05,408653,15386,164292919.0
2025-12-01,402.35,405.5,398.3,404.4,1222939,32358,492719355.0
2025-11-28,404.0,404.75,402.55,404.4,1317040,7375,531795543.0
2025-11-27,403.25,405.55,402.0,403.95,1323253,29884,533966149.0
2025-11-26,401.0,404.1,401.0,402.25,385371,18636,155191750.0
2025-11-25,404.0,404.5,400.1,400.7,313693,12138,126191536.0
2025-11-24,410.95,410.95,402.75,403.6,179485,4714,72732937.0
2025-11-21,405.0,408.4,404.45,407.8,447626,9069,182155537.0
2025-11-20,403.55,407.0,403.2,405.5,1179441,24365,478295596.0
2025-11-19,404.6,405.0,402.7,403.55,166598,7939,67256049.0
2025-11-18,407.2,408.5,404.5,405.75,294096,8781,119267987.0
2025-11-17,411.0,411.0,406.05,407.1,126084,4544,51431690.0
2025-11-14,404.25,408.8,400.3,407.85,571505,11915,231170313.0
2025-11-13,406.4,407.8,404.6,405.75,1056900,26115,429188501.0
2025-11-12,407.55,407.8,405.6,407.05,360450,12514,146638188.0
2025-11-11,406.55,407.85,404.6,406.85,347048,9941,140994607.0
2025-11-10,404.0,407.0,403.9,405.65,914325,12840,370686995.0
2025-11-07,405.45,409.1,403.6,404.0,757484,7662,307246094.0
2025-11-06,409.2,413.1,406.45,407.3,1904518,16161,776206237.0
2025-11-04,413.95,414.65,408.35,408.6,664472,11342,272213917.0
2025-11-03,420.25,421.7,413.4,413.95,454748,7162,189467268.0
2025-10-31,419.8,426.5,418.35,420.25,1144792,16025,484512062.0
2025-10-30,421.6,421.85,416.15,418.7,1707852,30687,715480135.0
2025-10-29,417.05,422.0,416.05,421.6,661655,20151,277447646.0
2025-10-28,420.0,421.65,416.0,417.95,450198,12569,188074810.0
2025-10-27,417.0,422.5,416.6,420.35,844482,17773,355123799.0
2025-10-24,415.85,418.0,413.4,417.1,1648664,14002,684339350.0
2025-10-23,415.0,420.25,413.35,415.85,2147295,33261,896607202.0
2025-10-21,414.45,414.45,412.4,412.85,99331,5318,41041130.0
2025-10-20,412.0,414.8,411.3,412.95,660387,8693,272344289.0
2025-10-17,405.05,413.75,405.05,412.1,1124012,15802,462020223.0
2025-10-16,400.2,405.7,399.7,405.05,1694286,24723,683671509.0
2025-10-15,398.65,400.9,397.3,400.05,408357,14397,163256776.0
2025-10-14,399.7,401.0,396.25,396.7,183443,12320,73024192.0
2025-10-13,399.55,400.95,398.6,399.1,496628,18295,198453873.0
2025-10-10,398.15,403.9,398.15,402.8,4087277,17973,1643415730.0
2025-10-09,399.7,401.4,399.0,399.9,1065847,13130,426291329.0
2025-10-08,400.05,401.8,398.0,399.7,3648830,15711,1455420915.0
2025-10-07,401.35,402.75,399.6,399.85,1065308,12966,426386688.0
2025-10-06,402.75,403.95,399.65,400.8,528221,16682,211788379.0
2025-10-03,403.6,405.4,402.3,404.35,629927,12962,254552896.0
2025-10-01,401.9,406.15,399.65,405.65,1381859,16909,558468122.0
2025-09-30,406.5,407.15,400.4,401.6,257240,5354,103540353.0
2025-09-29,408.05,408.05,403.25,406.45,342483,7846,138941871.0
2025-09-26,399.35,405.4,399.35,405.05,998159,15001,402299492.0
2025-09-25,400.85,402.8,398.1,400.2,1035091,30443,414306556.0
2025-09-24,403.5,404.1,400.8,401.25,5827502,27234,2338751883.0
2025-09-23,407.1,407.9,402.2,403.35,1192017,28116,481460761.0
2025-09-22,410.35,411.2,406.1,407.1,1025287,19265,417991913.0
2025-09-19,411.95,412.5,409.1,410.15,1344608,15764,551491836.0
2025-09-18,411.8,412.95,410.1,411.95,943407,20972,388478009.0
2025-09-17,413.5,414.85,408.15,409.3,1155208,19954,474472197.0
2025-09-16,412.8,414.2,411.9,413.15,783817,13511,323712066.0
2025-09-15,413.55,414.55,411.75,412.65,3926540,15673,1620430743.0
2025-09-12,415.55,416.8,412.95,413.6,928471,9495,384802699.0
2025-09-11,412.95,416.75,412.9,415.0,1058148,26193,439963581.0
2025-09-10,411.35,413.6,409.0,412.95,470784,16982,193479390.0
2025-09-09,408.55,410.95,407.3,410.2,541739,6240,222004214.0
2025-09-08,408.15,410.55,407.0,407.4,351472,12055,143472164.0
2025-09-05,415.2,416.95,404.4,407.5,893710,15535,363527896.0
2025-09-04,422.0,425.7,415.0,415.85,1008347,28655,421404475.0
2025-09-03,408.25,413.3,407.25,411.5,447157,8589,183536946.0
2025-09-02,407.0,407.8,404.55,406.65,479536,6975,194789719.0
2025-09-01,410.0,410.2,405.0,405.7,414684,16200,168821225.0
2025-08-29,402.8,410.45,402.25,409.75,367480,7107,149834047.0
2025-08-28,405.05,405.05,400.05,400.7,725933,8454,291511446.0
2025-08-26,399.35,405.4,398.3,403.1,1329909,24902,534764765.0
2025-08-25,398.4,400.6,396.3,399.4,629806,20757,251127609.0
2025-08-22,406.5,406.5,397.5,398.3,1227777,35778,490301104.0
2025-08-21,406.95,406.95,403.35,405.75,863568,12544,350543956.0
2025-08-20,409.55,410.25,405.45,406.0,1297019,10272,529776395.0
2025-08-19,406.8,409.35,404.45,409.05,896900,13378,364222624.0
2025-08-18,411.85,413.6,405.0,406.2,889491,13821,362984142.0
2025-08-14,414.95,415.45,411.05,411.4,926228,11551,381869177.0
2025-08-13,416.5,417.65,413.5,414.0,609735,11893,253054030.0
2025-08-12,415.45,419.85,415.45,416.4,466745,9991,194839424.0
2025-08-11,416.3,417.0,413.9,416.8,103585,5652,43086454.0
2025-08-08,414.85,415.5,413.25,414.4,786553,14881,325757726.0
2025-08-07,412.0,414.65,411.9,413.6,274944,10742,113647264.0
2025-08-06,414.15,415.1,410.55,412.0,168864,6370,69565313.0
2025-08-05,417.0,417.95,412.9,414.05,329374,8543,136421559.0
2025-08-04,419.45,422.8,415.1,416.65,521676,15400,218272050.0
2025-08-01,414.1,419.2,412.0,416.5,386224,11472,160895564.0
2025-07-31,405.05,413.95,405.05,411.8,620530,15368,254663543.0
2025-07-30,409.9,409.9,405.7,407.7,367365,16216,149608149.0
2025-07-29,410.0,411.5,408.0,408.55,376875,9883,154219288.0
2025-07-28,410.5,410.9,408.6,409.8,247955,9970,101581420.0
2025-07-25,412.6,412.6,407.75,409.35,386335,17234,158035196.0
2025-07-24,415.6,416.0,409.5,410.0,430499,20999,177155676.0
2025-07-23,416.3,417.9,414.05,414.95,504355,11277,209424270.0
2025-07-22,420.5,420.5,415.3,416.1,292939,11252,122265012.0
2025-07-21,421.4,422.5,418.55,420.15,564080,5758,237797167.0
2025-07-18,425.5,425.5,420.1,422.65,154249,4331,65130850.0
2025-07-17,425.5,425.75,423.0,423.8,129602,3777,55010432.0
2025-07-16,422.0,425.4,420.1,424.45,444356,9530,188097668.0
2025-07-15,421.0,422.6,419.1,422.15,193747,4455,81621452.0
2025-07-14,417.45,419.9,416.35,419.3,1081025,11074,451313247.0
2025-07-11,417.0,418.05,415.5,417.05,581803,10885,242650933.0
2025-07-10,420.5,420.5,416.2,416.9,598891,5475,250107361.0
2025-07-09,417.05,420.3,415.5,419.35,156953,3390,65707292.0
2025-07-08,416.0,417.9,414.7,417.05,772498,13807,321828995.0
2025-07-07,412.55,417.1,412.1,416.15,650619,12097,270603117.0
2025-07-04,415.45,415.45,411.9,412.55,617924,16011,255268903.0
2025-07-03,413.6,415.7,411.3,413.55,484352,7204,200303962.0
2025-07-02,416.55,416.9,411.5,412.9,627668,18785,259824502.0
2025-07-01,417.9,418.85,414.7,415.2,855540,20649,356244760.0
2025-06-30,419.95,420.6,415.85,416.5,272801,8234,114005270.0
2025-06-27,420.4,422.0,417.75,418.95,1066689,14636,447959087.0
2025-06-26,416.8,420.9,416.3,420.35,203703,3800,85186789.0
2025-06-25,416.0,418.1,415.3,416.35,147507,3009,61483880.0
2025-06-24,416.25,420.5,413.75,414.25,1320127,20587,549666917.0
2025-06-23,416.05,417.45,412.15,414.6,225882,5029,93778907.0
2025-06-20,416.0,419.9,416.0,418.45,697927,6152,292495626.0
2025-06-19,416.15,418.2,414.85,416.0,132694,3602,55275455.0
2025-06-18,416.5,418.5,414.9,415.8,319108,5377,132743743.0
2025-06-17,415.5,419.0,415.5,417.35,1221651,18491,509648826.0
2025-06-16,413.9,419.0,413.05,418.1,330365,7280,137750970.0
2025-06-13,415.5,419.35,413.65,413.9,937565,10794,390690921.0
2025-06-12,427.0,427.35,419.7,420.95,362492,6792,153016550.0
2025-06-11,428.0,428.0,424.8,426.1,1627257,13398,694694047.0
2025-06-10,423.65,428.5,423.1,427.1,1557617,13874,664418001.0
2025-06-09,421.75,423.55,420.7,423.05,604560,9341,255522922.0
2025-06-06,420.15,421.25,419.05,420.9,754865,15000,317225891.0
2025-06-05,417.05,420.9,415.85,419.3,482855,6198,202033684.0
2025-06-04,418.6,419.15,416.0,416.7,543294,7434,227037848.0
2025-06-03,419.35,421.75,415.75,416.8,1958233,37503,817789739.0
2025-06-02,418.0,420.65,414.9,419.35,610042,12899,255375975.0
2025-05-30,418.6,419.85,416.2,417.9,645666,17488,269715911.0
2025-05-29,421.9,422.8,416.45,418.75,361111,7362,151245677.0
2025-05-28,418.0,422.4,415.1,420.1,18779384,129913,7846282066.0
2025-05-27,442.8,444.15,430.95,433.9,1716841,26346,748519500.0
2025-05-26,441.95,443.45,436.95,442.8,805730,15369,354486815.0
2025-05-23,433.95,439.0,429.0,436.3,1220417,16652,530952648.0
2025-05-22,433.45,433.45,423.0,426.1,540525,10346,230233696.0
2025-05-21,435.55,438.1,432.1,432.95,339031,5649,147850368.0
2025-05-20,435.8,440.85,433.35,434.85,831917,12935,363870621.0
2025-05-19,435.6,438.5,432.8,435.1,336241,7113,146200139.0
2025-05-16,434.25,436.25,432.15,435.6,443112,7935,192700952.0
2025-05-15,428.65,435.4,426.05,432.45,1175835,16020,506191619.0
2025-05-14,428.0,431.25,426.0,429.3,291325,8886,124947176.0
2025-05-13,435.45,438.0,425.5,428.05,1104877,20542,474919483.0
2025-05-12,428.55,436.15,428.2,435.5,137482,3945,59523800.0
2025-05-09,422.6,429.0,422.6,423.5,890146,3554,380799728.0
2025-05-08,429.75,431.55,423.65,430.35,271781,6449,116297515.0
2025-05-07,430.05,435.0,429.6,430.65,960440,17612,415673361.0
2025-05-06,437.05,439.85,432.2,435.65,969570,15555,423847236.0
2025-05-05,430.2,438.45,429.35,437.1,538748,7592,234727511.0
2025-05-02,425.25,431.4,424.05,430.15,248353,4571,106364931.0
2025-04-30,427.0,428.9,423.25,425.3,153088,4762,65386918.0
2025-04-29,428.8,429.9,425.0,425.9,704752,12649,300269533.0
2025-04-28,424.7,430.85,424.7,428.8,554624,12126,237590427.0
2025-04-25,430.1,432.5,423.35,428.15,706122,18621,301548106.0
2025-04-24,430.95,435.8,429.4,430.1,387524,8055,167329718.0
2025-04-23,435.35,436.5,428.7,430.75,630529,14833,272224178.0
2025-04-22,426.0,434.9,424.0,433.7,609324,18771,261425288.0
2025-04-21,429.85,429.85,421.4,422.8,688209,17638,290862532.0
2025-04-17,424.15,427.75,421.7,427.25,516159,8726,219118380.0
2025-04-16,419.85,425.85,418.55,424.15,568491,7395,240509935.0
2025-04-15,423.85,429.0,418.9,420.3,622957,19037,262379702.0
2025-04-11,420.95,422.65,417.2,421.8,366637,6324,153958121.0
2025-04-09,413.1,418.95,411.6,416.15,526939,15640,219462657.0
2025-04-08,411.6,415.65,407.25,412.55,1099399,20190,452767075.0
2025-04-07,394.95,407.85,392.0,406.05,1025987,18882,412886257.0
2025-04-04,408.3,412.85,404.5,409.55,196517,7600,80401170.0
2025-04-03,407.75,410.15,406.35,409.3,97589,3200,39871367.0
2025-04-02,407.0,409.85,406.15,408.95,438196,9400,179005730.0
2025-04-01,411.05,414.3,405.5,406.65,910620,21729,373315141.0
2025-03-28,410.45,415.6,408.2,409.8,852982,9830,351727821.0
2025-03-27,407.55,410.5,405.7,409.4,789925,5799,323376408.0
2025-03-26,410.0,411.05,406.15,407.05,748760,9887,306009389.0
2025-03-25,413.95,415.15,408.7,409.9,921904,20223,379031084.0
2025-03-24,406.0,412.8,405.7,410.95,1164303,20571,476671307.0
2025-03-21,406.0,407.4,401.75,405.8,522099,6924,210944350.0
2025-03-20,405.75,406.5,402.0,403.7,2721390,17086,1097129068.0
2025-03-19,410.7,410.7,402.45,403.05,2650156,18764,1076227666.0
2025-03-18,410.95,412.25,407.95,409.4,410113,11213,168313548.0
2025-03-17,413.1,416.2,407.1,407.8,148828,5230,61023747.0
2025-03-13,414.95,414.95,408.2,411.85,399896,6904,165021625.0
2025-03-12,406.3,413.05,404.1,412.1,284496,5183,116569624.0
2025-03-11,402.0,408.25,401.1,406.1,399281,11775,162244754.0
2025-03-10,403.75,406.85,400.6,405.05,248851,6969,100679921.0
2025-03-07,405.65,405.7,401.8,403.8,427101,13883,172450957.0
2025-03-06,409.75,409.75,400.6,405.75,621313,17387,250684830.0
2025-03-05,394.8,412.6,394.65,405.35,650331,15320,260703186.0
2025-03-04,396.95,397.3,393.0,394.85,462396,17935,182392676.0
2025-03-03,395.05,399.0,391.5,397.55,354089,10603,140525520.0
2025-02-28,399.8,402.4,392.35,394.7,267902,10216,105878298.0
2025-02-27,405.0,406.4,399.45,401.45,488193,13580,196059530.0
2025-02-25,402.85,406.8,400.55,404.85,793488,13492,320501623.0
2025-02-24,400.0,403.45,398.6,401.85,528020,18793,212221788.0
2025-02-21,402.1,403.4,399.45,401.0,457639,16188,183420578.0
2025-02-20,402.0,404.0,396.3,402.2,791621,26662,317773504.0
2025-02-19,407.8,408.85,404.5,406.5,170273,4218,69289211.0
2025-02-18,410.95,410.95,404.0,405.2,352879,7788,143469132.0
2025-02-17,408.55,411.25,406.65,408.5,579318,15129,236912915.0
2025-02-14,412.0,416.0,408.45,410.55,583071,8158,240391298.0
2025-02-13,409.9,413.8,409.05,409.8,495437,8994,203887906.0
2025-02-12,413.4,413.6,407.65,409.5,1028064,31213,421773126.0
2025-02-11,428.05,430.35,417.5,418.45,909665,37634,384074125.0
2025-02-10,427.0,433.25,426.6,427.3,541878,20280,232639956.0
2025-02-07,441.95,445.3,428.5,430.9,978539,33506,423118298.0
2025-02-06,450.1,450.1,438.25,441.4,857446,19628,379505592.0
2025-02-05,451.4,455.9,446.5,448.25,436026,15904,196641147.0
2025-02-04,458.05,459.9,448.85,455.5,538486,9995,244621692.0
2025-02-03,462.95,465.2,452.35,454.15,696173,9861,319160505.0
2025-02-01,448.0,471.3,439.5,462.45,1699032,29689,780607335.0
2025-01-31,436.85,448.25,435.05,447.55,1001119,19823,443850809.0
2025-01-30,433.3,437.9,431.6,436.6,486609,13714,211707987.0
2025-01-29,435.0,437.25,430.2,433.4,305168,7257,132304795.0
2025-01-28,440.85,441.7,434.35,435.25,864499,9655,378514164.0
2025-01-27,441.25,444.9,436.55,440.0,368947,11047,162446145.0
2025-01-24,437.95,444.9,437.95,441.5,417608,9885,184693876.0
2025-01-23,435.0,441.7,434.45,440.2,286292,13676,125923479.0
2025-01-22,439.9,441.9,436.8,437.05,288572,5730,126823662.0
2025-01-21,437.9,447.35,435.1,437.25,1842947,33223,812065515.0
2025-01-20,439.95,441.15,436.0,437.75,289884,4320,126917826.0
2025-01-17,433.85,441.6,432.5,440.15,162368,4118,71266113.0
2025-01-16,440.95,440.95,431.25,432.8,162620,5863,70409618.0
2025-01-15,437.0,441.8,435.45,437.2,347419,8849,152206634.0
2025-01-14,437.55,441.5,435.75,436.7,717707,19119,314395377.0
2025-01-13,437.95,444.0,435.0,439.05,574512,11079,253353953.0
2025-01-10,450.1,450.25,442.6,444.85,516146,12509,230368648.0
2025-01-09,449.85,460.5,446.3,450.15,684684,14412,310267556.0
2025-01-08,442.1,451.9,437.2,449.5,648715,16481,287214537.0
2025-01-07,445.05,447.9,440.3,441.1,334236,11376,147920343.0
2025-01-06,455.0,461.8,441.1,442.5,1491640,46987,670862314.0
2025-01-03,489.1,490.95,480.0,482.0,1105785,31416,534587946.0
2025-01-02,485.05,490.0,482.3,489.25,322081,10202,156560290.0
2025-01-01,487.9,487.9,482.25,483.9,511668,14174,248155236.0
2024-12-31,479.35,484.5,474.6,483.65,509467,13419,244295141.0
2024-12-30,480.05,481.4,476.2,477.1,502570,12896,240757564.0
2024-12-27,480.8,481.9,476.15,478.9,285554,7763,136816549.0
2024-12-26,480.95,481.7,475.9,476.85,183208,6502,87700911.0
2024-12-24,475.1,480.15,472.75,478.3,230775,5261,110160742.0
2024-12-23,468.3,477.5,467.7,474.2,375175,7160,177278955.0
2024-12-20,466.35,467.45,459.6,464.6,395256,11201,183334244.0
2024-12-19,468.85,474.1,465.15,466.35,873279,20845,409609631.0
2024-12-18,473.95,473.95,467.0,470.65,468245,15563,220302346.0
2024-12-17,469.35,475.85,463.15,469.85,467784,13733,219663667.0
2024-12-16,470.15,474.15,468.0,470.05,307780,11057,144732534.0
2024-12-13,460.0,474.35,451.6,470.15,531550,16611,247252165.0
2024-12-12,466.0,466.9,459.3,460.6,166824,5812,77149557.0
2024-12-11,467.0,468.15,464.8,465.2,380035,5026,177470921.0
2024-12-10,465.1,466.8,462.65,465.35,262422,12440,121906146.0
2024-12-09,471.25,471.95,463.05,465.1,736560,21739,344363660.0
2024-12-06,470.0,474.95,468.55,471.25,605033,12307,285800721.0
2024-12-05,468.4,472.6,462.6,467.55,1524118,16923,713475571.0
2024-12-04,473.45,478.25,466.75,467.25,269749,6201,127462340.0
2024-12-03,468.05,473.35,462.8,472.3,583333,10861,273240755.0
2024-12-02,476.0,479.45,473.3,477.15,316673,10497,150843518.0
2024-11-29,473.95,478.9,472.35,477.05,457132,10203,217630315.0
2024-11-28,477.95,483.65,470.95,475.2,299454,6692,142701569.0
2024-11-27,477.8,478.95,473.0,476.7,153727,3590,73151600.0
2024-11-26,479.8,482.55,474.1,476.85,248056,7726,118286456.0
2024-11-25,481.4,482.2,472.5,476.85,411807,11297,196615607.0
2024-11-22,456.75,476.6,455.45,475.05,614471,16663,287154008.0
2024-11-21,462.0,464.2,455.5,457.15,499703,21170,229396445.0
2024-11-19,467.8,473.65,466.45,467.35,217673,9765,102519981.0
2024-11-18,469.25,469.25,462.0,466.95,187892,7810,87338912.0
2024-11-14,470.55,472.75,462.1,465.85,517699,19652,241445225.0
2024-11-13,468.85,474.6,468.35,472.15,283859,7063,133896645.0
2024-11-12,476.75,477.95,471.3,472.7,309826,5627,147359228.0
2024-11-11,478.55,481.3,474.2,476.7,379405,10818,181570615.0
2024-11-08,477.95,480.75,474.65,478.2,647642,14216,309458037.0
2024-11-07,481.6,482.0,476.1,478.0,418188,15004,199934862.0
2024-11-06,481.0,484.2,478.2,481.3,4172577,5047,2003030010.0
2024-11-05,483.9,485.35,477.0,480.05,400614,14794,192383096.0
2024-11-04,492.9,492.9,479.6,484.7,663754,20011,320924850.0
2024-11-01,498.3,498.3,489.2,490.55,80679,4724,39653592.0
2024-10-31,493.55,493.55,485.0,488.5,585685,11353,286101843.0
2024-10-30,488.0,493.3,486.65,491.45,282625,9092,138651331.0
2024-10-29,485.0,489.4,481.35,487.95,297266,4312,144249339.0
2024-10-28,480.4,485.85,476.0,484.1,178613,5320,86064546.0
2024-10-25,475.95,493.5,474.5,482.1,1704180,35178,828840854.0
2024-10-24,482.95,482.95,470.0,471.85,551067,25137,261761520.0
2024-10-23,481.65,483.15,479.45,480.55,413185,5900,199032866.0
2024-10-22,483.65,488.25,480.75,481.7,435070,16060,210495172.0
2024-10-21,486.65,487.5,477.5,483.65,384452,6475,185919734.0
2024-10-18,488.9,491.3,478.35,486.65,521102,9075,252225697.0
2024-10-17,494.65,494.9,487.9,488.8,295948,13193,145234600.0
2024-10-16,497.0,498.9,492.45,493.2,355755,10307,176555461.0
2024-10-15,497.15,499.4,494.5,498.55,202364,4383,100733661.0
2024-10-14,491.25,498.9,488.6,496.85,406269,14138,200983164.0
2024-10-11,492.05,493.9,487.35,488.45,633660,13409,309921946.0
2024-10-10,495.7,495.7,489.55,492.0,757543,20769,373680536.0
2024-10-09,513.95,513.95,490.6,491.8,642674,14425,321278636.0
2024-10-08,510.5,512.5,506.0,507.9,419886,14982,213596731.0
2024-10-07,507.85,514.8,507.0,510.5,522787,12217,267218309.0
2024-10-04,510.0,517.35,501.6,503.45,1345060,29756,686793480.0
2024-10-03,509.4,515.65,508.2,513.0,817862,16716,418182614.0
2024-10-01,518.95,519.7,514.1,515.95,224738,9493,116013859.0
2024-09-30,522.35,524.25,514.1,518.1,410700,15448,213090365.0
2024-09-27,522.0,528.55,520.7,522.75,284058,7460,149003352.0
2024-09-26,517.45,523.75,516.95,522.7,404699,10578,210842866.0
2024-09-25,515.95,519.2,512.25,517.45,395164,9483,203983103.0
2024-09-24,516.35,517.95,514.3,515.3,134650,5732,69404553.0
2024-09-23,515.05,519.2,513.45,516.85,415807,16394,214916265.0
2024-09-20,510.05,517.25,507.75,514.9,2161854,35965,1110525379.0
2024-09-19,510.0,514.8,507.35,508.2,217365,5782,111235788.0
2024-09-18,508.0,512.35,505.25,507.05,234280,6572,119145283.0
2024-09-17,510.5,513.5,506.3,507.45,378669,11887,192604475.0
2024-09-16,515.1,516.0,510.0,512.1,263947,5036,135360106.0
2024-09-13,520.0,520.2,512.0,513.8,602527,10997,309501008.0
2024-09-12,514.5,520.4,508.7,519.05,561688,11487,289755045.0
2024-09-11,512.85,519.5,511.95,514.25,392039,11186,202495926.0
2024-09-10,512.75,514.9,508.85,513.45,384755,15134,197518430.0
2024-09-09,504.95,512.5,500.6,511.5,447936,10033,228098299.0
2024-09-06,512.0,512.0,497.5,501.65,805416,21555,404622238.0
2024-09-05,509.0,511.75,507.0,511.15,355392,11443,181280854.0
2024-09-04,502.95,508.1,500.3,506.65,184945,5109,93523805.0
2024-09-03,510.2,516.0,508.0,509.05,283878,6409,145504526.0
2024-09-02,503.8,512.85,503.8,509.9,590031,14623,301150191.0
2024-08-30,504.9,509.1,500.35,501.85,406575,11129,204467435.0
2024-08-29,499.9,507.65,497.4,504.95,352463,9646,177491520.0
2024-08-28,500.95,502.2,496.45,497.15,354259,11668,176744820.0
2024-08-27,507.15,507.5,500.3,500.6,418793,12260,210590700.0
2024-08-26,506.0,507.95,502.05,505.7,249861,9466,126465884.0
2024-08-23,504.05,506.5,500.05,505.7,734437,17556,370527749.0
2024-08-22,508.65,508.65,501.55,504.6,208879,8934,105497625.0
2024-08-21,500.7,508.4,498.9,505.3,558761,24098,282029602.0
2024-08-20,501.95,503.5,497.8,498.85,131253,4612,65646000.0
2024-08-19,505.95,509.35,499.45,501.15,321645,6059,162360529.0
2024-08-16,496.9,504.35,492.8,502.55,981207,15879,489879987.0
2024-08-14,492.75,498.95,490.0,491.9,155962,4043,76997917.0
2024-08-13,495.05,497.6,489.3,489.85,256260,8657,126251781.0
2024-08-12,492.2,499.9,492.2,494.35,289857,6338,144053562.0
2024-08-09,498.65,498.65,493.25,495.75,474013,11672,234762396.0
2024-08-08,494.55,497.95,492.55,494.05,378581,9310,187451041.0
2024-08-07,485.25,495.5,485.25,492.5,255650,6707,125867099.0
2024-08-06,485.15,491.65,484.1,485.2,697815,6655,339194854.0
2024-08-05,467.15,491.75,467.15,485.8,1743998,45487,847611555.0
2024-08-02,482.4,499.35,482.4,489.3,1919434,34376,942470140.0
2024-08-01,497.4,497.4,491.0,493.75,288795,6242,142457249.0
2024-07-31,494.8,498.0,490.4,495.05,777363,17597,383812882.0
2024-07-30,496.9,497.7,488.85,490.0,403506,8774,198665217.0
2024-07-29,508.95,508.95,494.05,495.9,903163,20344,450123610.0
2024-07-26,494.95,506.25,487.5,502.6,1028093,18249,512445052.0
2024-07-25,490.0,495.9,484.75,489.8,1151907,26682,564803918.0
2024-07-24,496.9,510.6,490.65,494.05,1556212,36310,778532785.0
2024-07-23,467.05,497.5,466.55,492.05,1895539,30989,913791021.0
2024-07-22,475.0,479.4,465.75,466.3,433580,9426,204275831.0
2024-07-19,471.55,479.35,469.5,474.3,1079015,21573,512044457.0
2024-07-18,464.95,470.8,462.5,470.1,637427,14076,298031839.0
2024-07-16,463.0,466.65,461.3,465.5,447713,6423,207911952.0
2024-07-15,459.0,466.2,457.2,462.8,522375,8219,241724293.0
2024-07-12,459.45,463.5,455.8,459.0,2050520,34803,941022465.0
2024-07-11,450.55,459.45,448.65,458.7,440466,9599,200709878.0
2024-07-10,453.55,455.4,446.35,451.3,1185608,27482,534324887.0
2024-07-09,447.1,454.95,444.0,452.75,855233,11733,385380052.0
2024-07-08,434.95,444.5,433.65,443.5,1786755,35517,785237681.0
2024-07-05,429.95,434.3,427.55,433.65,975761,21262,421607659.0
2024-07-04,430.0,431.35,427.1,428.9,645696,16764,277188116.0
2024-07-03,427.0,429.55,425.9,428.45,205516,5091,87936227.0
2024-07-02,429.55,430.65,422.4,425.35,751932,17953,320960889.0
2024-07-01,426.9,430.0,424.6,429.3,757113,20725,323489916.0
2024-06-28,426.8,427.9,423.5,424.9,789948,18533,336147783.0
2024-06-27,424.75,427.25,421.2,425.15,369926,7114,156783609.0
2024-06-26,423.95,426.3,421.95,423.9,287132,6264,121844904.0
2024-06-25,423.0,424.35,419.75,423.05,255407,5578,107786642.0
2024-06-24,420.85,423.8,420.05,423.25,567107,17860,239716065.0
2024-06-21,424.2,425.0,418.55,419.6,1965247,57629,827008835.0
2024-06-20,424.0,426.45,421.4,423.35,689248,20217,292021230.0
2024-06-19,431.15,431.15,423.0,423.7,838351,28798,356939974.0
2024-06-18,432.1,434.25,428.2,428.8,353263,7178,152320887.0
2024-06-14,430.5,431.45,429.0,431.1,546453,14978,235220091.0
2024-06-13,436.15,436.35,429.8,430.3,316966,5173,136790416.0
2024-06-12,431.95,434.1,430.15,432.25,379773,5710,164207732.0
2024-06-11,436.5,437.85,432.3,432.6,347088,7886,150752687.0
2024-06-10,440.85,440.85,435.9,436.75,398227,10829,174324673.0
2024-06-07,432.75,441.5,431.15,439.1,2319526,40284,1015701458.0
2024-06-06,437.0,437.6,431.1,435.8,1430312,26156,621507024.0
2024-06-05,423.5,435.9,418.1,430.3,1647373,41221,706433979.0
2024-06-04,426.95,427.0,403.0,415.4,2583705,92589,1072167885.0
2024-06-03,435.55,435.55,428.7,430.55,387107,9322,166867453.0
2024-05-31,427.45,429.4,424.25,426.15,1359657,38331,580534466.0
2024-05-30,429.95,430.95,422.4,424.05,378761,10295,161022127.0
2024-05-29,427.95,432.35,426.05,430.8,430910,11194,185254208.0
2024-05-28,432.0,434.0,428.25,428.9,473843,14732,203692627.0
2024-05-27,437.8,438.85,430.8,431.5,312984,13707,136383321.0
2024-05-24,441.85,442.45,435.2,436.1,723488,14396,316422952.0
2024-05-23,441.45,445.0,436.65,441.2,767762,11025,338248354.0
2024-05-22,436.9,442.0,435.5,439.75,713685,14951,313708651.0
2024-05-21,436.5,437.05,433.3,434.95,280372,5856,121938554.0
2024-05-18,437.0,437.5,435.15,436.45,99512,3895,43444132.0
2024-05-17,431.9,437.7,429.0,436.6,604415,10943,262691523.0
2024-05-16,429.15,432.45,423.1,431.25,648952,21395,277147147.0
2024-05-15,430.45,433.2,426.8,427.85,312010,12261,134022899.0
2024-05-14,430.05,433.35,428.7,429.7,346692,13387,149208626.0
2024-05-13,433.85,435.5,429.5,431.85,179854,5107,77712590.0
2024-05-10,425.85,436.3,425.85,433.2,994647,20700,430793363.0
2024-05-09,440.55,440.95,423.35,425.2,873692,10628,373659759.0
2024-05-08,441.7,444.65,438.2,440.9,597203,15623,263644269.0
2024-05-07,436.35,446.15,434.9,440.4,758244,11589,335624919.0
2024-05-06,437.05,440.45,433.0,434.6,704209,5792,305597105.0
2024-05-03,439.55,439.9,431.5,436.25,843367,26140,367610525.0
2024-05-02,436.45,442.5,434.9,439.1,284073,6706,124794130.0
2024-04-30,439.45,440.45,435.05,435.6,181604,5409,79600861.0
2024-04-29,442.5,442.5,434.6,438.0,303544,6238,132901082.0
2024-04-26,439.75,443.45,436.2,439.95,863516,15386,379637623.0
2024-04-25,431.0,438.2,429.0,437.5,409133,8775,177599627.0
2024-04-24,429.2,430.8,428.25,428.85,347235,11330,149235389.0
2024-04-23,425.95,430.5,425.25,429.2,160441,4601,68789028.0
2024-04-22,427.4,427.6,423.35,425.25,380393,13797,161585599.0
2024-04-19,417.6,426.3,416.3,424.8,1183392,28536,501685018.0
2024-04-18,426.45,426.55,417.9,418.95,695816,25323,294053532.0
2024-04-16,423.7,427.0,423.0,425.95,356089,13673,151382640.0
2024-04-15,425.0,429.0,422.8,425.9,806008,22862,343168757.0
2024-04-12,436.35,436.35,428.35,430.1,1014529,18142,437200656.0
2024-04-10,427.8,437.75,425.7,436.9,374842,9990,162175552.0
2024-04-09,430.95,431.3,425.7,426.3,234337,5226,100434336.0
2024-04-08,428.95,431.35,427.8,429.0,804878,23529,345518358.0
2024-04-05,423.1,431.75,420.0,427.85,905233,18279,386500117.0
2024-04-04,425.95,427.4,420.0,422.75,632788,18770,267835501.0
2024-04-03,426.0,428.9,421.05,425.3,381454,7122,161976474.0
2024-04-02,429.25,429.25,424.65,425.8,184630,4798,78651849.0
2024-04-01,428.6,431.45,425.7,426.65,701487,20900,300171360.0
2024-03-28,427.95,433.05,427.15,428.55,1109374,19754,477109844.0
2024-03-27,427.65,429.0,426.5,428.0,223563,3796,95668088.0
2024-03-26,426.8,429.1,425.85,427.45,221783,6245,94797852.0
2024-03-22,421.25,429.6,421.25,428.45,1525884,25717,651579710.0
2024-03-21,418.8,421.85,416.25,421.25,725215,16679,304273612.0
2024-03-20,409.55,416.45,409.55,415.7,341377,7357,140874884.0
2024-03-19,417.6,419.6,408.75,409.5,699406,12735,287744731.0
2024-03-18,419.35,420.7,416.95,417.4,1021092,18036,427288040.0
2024-03-15,418.85,428.5,415.6,419.55,1973464,34529,834524652.0
2024-03-14,422.4,425.55,418.0,419.8,720374,12182,303794209.0
2024-03-13,439.0,439.0,421.2,422.4,440739923,76943,176515911928.0
2024-03-12,405.85,405.9,399.3,404.25,2662012,226988,1070321459.0
2024-03-11,416.35,418.35,408.5,409.4,443847,8978,183967651.0
2024-03-07,408.0,415.0,403.65,413.35,950495,19384,389109841.0
2024-03-06,408.65,409.95,400.8,407.7,428410,9123,173601008.0
2024-03-05,409.15,411.45,404.0,406.1,581451,24693,236966612.0
2024-03-04,412.2,412.8,408.5,409.1,516518,18119,211953309.0
2024-03-02,412.7,417.5,410.25,412.2,35226,1661,14511824.0
2024-03-01,407.05,413.1,407.05,409.5,1032992,24158,424182097.0
2024-02-29,408.55,410.9,404.65,406.5,753356,23789,307211891.0
2024-02-28,411.85,412.3,406.95,408.6,707187,21942,289317281.0
2024-02-27,410.0,412.7,408.6,411.15,628224,17795,258065092.0
2024-02-26,410.45,413.0,407.35,409.2,916789,23605,375724398.0
2024-02-23,416.0,416.05,410.55,411.6,875217,17501,361058871.0
2024-02-22,406.7,415.0,403.6,414.3,471638,12063,192678153.0
2024-02-21,407.55,410.05,401.35,403.3,571486,13538,232311264.0
2024-02-20,411.0,411.0,404.3,406.05,684930,15129,278583741.0
2024-02-19,405.0,412.6,405.0,409.2,1153216,25994,472717777.0
2024-02-16,405.0,409.3,399.5,404.75,1925291,45410,777258404.0
2024-02-15,413.55,413.6,403.15,404.0,1090574,40513,443875811.0
2024-02-14,407.15,412.35,404.4,411.6,543399,11301,222201456.0
2024-02-13,406.85,410.55,403.35,406.6,1228665,35885,500202076.0
2024-02-12,416.05,417.5,406.05,406.85,1133299,44445,464864455.0
2024-02-09,410.35,424.2,408.7,415.6,1343339,25855,560314939.0
2024-02-08,429.45,429.45,408.65,414.45,3125344,105974,1306002179.0
2024-02-07,433.65,434.85,431.0,431.9,807548,27379,349284799.0
2024-02-06,441.75,441.75,429.55,431.4,1192928,45634,516426285.0
2024-02-05,443.8,443.8,436.55,438.05,776674,28669,342238108.0
2024-02-02,444.85,447.15,439.45,440.2,1131263,22307,501096168.0
2024-02-01,443.3,447.8,439.4,442.85,420292,9149,186413415.0
2024-01-31,440.0,442.6,438.8,441.45,318586,8049,140429120.0
2024-01-30,447.95,453.65,437.25,438.0,2273192,84612,1005663087.0
2024-01-29,456.0,456.0,447.85,450.0,335946,9107,151968407.0
2024-01-25,463.6,465.0,452.2,455.45,1450606,30847,664327339.0
2024-01-24,460.8,467.45,458.1,463.7,311606,6795,144032207.0
2024-01-23,474.0,474.1,456.5,458.65,327199,6853,152577211.0
2024-01-20,473.05,475.25,467.75,468.2,304736,10567,143702934.0
2024-01-19,469.15,472.95,466.3,471.55,837307,18719,394050943.0
2024-01-18,465.75,467.55,454.55,465.5,666490,19640,308585926.0
2024-01-17,472.7,476.85,465.3,466.8,348004,6332,163685888.0
2024-01-16,468.35,474.95,464.4,472.1,239146,5810,112317609.0
2024-01-15,470.55,470.55,466.05,467.4,274528,8379,128413151.0
2024-01-12,463.45,467.55,460.4,466.6,703482,17868,326847261.0
2024-01-11,465.5,466.45,461.25,462.6,202123,6283,93697605.0
2024-01-10,464.5,466.65,460.05,463.2,177175,7329,81922075.0
2024-01-09,469.85,469.85,463.65,464.35,121565,4283,56699640.0
2024-01-08,474.25,475.0,464.6,465.35,259076,6942,121352619.0
2024-01-05,479.95,479.95,472.0,473.9,656102,12633,311691372.0
2024-01-04,480.0,481.4,474.1,475.8,664027,18697,318035297.0
2024-01-03,471.0,480.7,469.35,477.3,5944428,11286,2839010561.0
2024-01-02,469.15,471.3,463.65,470.15,324448,8283,151859229.0
2024-01-01,462.4,469.85,462.4,467.25,937013,22806,437351465.0
2023-12-29,464.2,468.0,461.0,462.35,1402635,36170,651064916.0
2023-12-28,457.5,464.65,456.2,464.2,402698,6731,185471883.0
2023-12-27,457.05,458.6,453.9,456.8,176207,6807,80377252.0
2023-12-26,456.0,458.95,454.9,456.15,221298,6739,101117304.0
2023-12-22,453.5,455.9,450.65,455.1,661499,15359,300461370.0
2023-12-21,448.05,453.75,444.5,451.25,325803,6779,146581064.0
2023-12-20,459.0,459.25,449.4,450.75,807061,22077,366793749.0
2023-12-19,453.0,457.8,452.15,456.1,617004,16896,281039971.0
2023-12-18,455.0,455.95,450.45,451.65,744998,22690,336765356.0
2023-12-15,462.25,462.85,455.0,458.3,863397,25038,395200365.0
2023-12-14,460.0,461.0,449.5,460.15,366054,8691,167545390.0
2023-12-13,456.95,458.85,452.6,455.6,437586,13014,199423948.0
2023-12-12,454.95,459.95,452.4,453.1,304597,5937,139104755.0
2023-12-11,452.95,453.7,449.15,452.3,419309,12602,189460942.0
2023-12-08,459.85,461.55,448.4,449.15,1217117,26962,551264701.0
2023-12-07,464.15,465.1,457.3,458.1,263211,5454,121074949.0
2023-12-06,453.05,464.5,452.75,463.0,529479,11717,244252054.0
2023-12-05,455.1,457.85,450.05,451.65,249229,5436,113145243.0
2023-12-04,455.0,456.3,450.9,453.95,1242135,23706,563451422.0
2023-12-01,438.0,451.1,437.55,449.9,1022331,17409,457616385.0
2023-11-30,437.2,438.4,434.5,435.6,369179,14553,161011658.0
2023-11-29,436.0,438.3,434.2,437.25,396233,12623,172876916.0
2023-11-28,437.8,439.0,435.0,435.25,390110,14433,170150024.0
2023-11-24,441.0,442.25,436.85,437.8,438151,9245,192098583.0
2023-11-23,440.5,442.2,438.4,440.3,290592,9326,127967344.0
2023-11-22,436.55,440.5,434.9,439.7,160206,3304,70103667.0
2023-11-21,436.05,439.2,435.8,436.05,121370,3163,53061546.0
2023-11-20,439.35,440.0,434.6,436.75,257977,11106,112856623.0
2023-11-17,438.7,441.35,438.3,439.25,520951,11808,228961376.0
2023-11-16,441.65,444.4,437.6,438.5,426969,12141,188537565.0
2023-11-15,437.6,442.4,437.45,441.95,404614,11233,177978262.0
2023-11-13,438.45,438.45,435.0,436.0,250170,9010,109140989.0
2023-11-12,439.9,439.9,437.6,438.5,61595,3766,27027615.0
2023-11-10,434.45,437.9,432.35,436.2,702536,29494,305906350.0
2023-11-09,437.5,437.95,434.0,434.45,149226,3439,65001805.0
2023-11-08,433.0,437.4,432.2,436.85,337343,12560,146713553.0
2023-11-07,435.15,435.15,432.15,432.75,110826,3591,47974180.0
2023-11-06,434.95,436.9,432.5,435.15,280083,10515,121616091.0
2023-11-03,433.25,434.55,431.1,433.55,636722,15277,275768918.0
2023-11-02,430.0,432.65,428.65,431.1,107339,3864,46169115.0
2023-11-01,430.0,430.9,425.6,428.0,402810,15014,172638957.0
2023-10-31,430.6,433.4,428.0,428.55,127699,4126,54913107.0
2023-10-30,434.95,434.95,428.5,430.4,259372,6903,111826913.0
2023-10-27,435.9,436.8,432.2,433.5,535910,12354,232540219.0
2023-10-26,429.95,436.5,429.9,434.1,386413,6954,167109071.0
2023-10-25,436.05,437.8,427.15,432.6,237556,6834,102787510.0
2023-10-23,438.45,439.85,433.1,435.85,256545,6596,111972930.0
2023-10-20,449.55,449.55,437.3,438.25,707774,19556,311653576.0
2023-10-19,450.0,454.55,446.9,450.3,166180,5335,74966267.0
2023-10-18,453.5,458.0,450.75,451.55,451025,12432,205103431.0
2023-10-17,450.0,454.5,449.15,453.45,182756,3723,82734030.0
2023-10-16,448.45,450.95,446.4,448.7,125239,3886,56283570.0
2023-10-13,450.05,451.95,446.95,448.3,499455,17429,224652492.0
2023-10-12,450.0,452.35,446.4,450.65,575698,12166,259277541.0
2023-10-11,446.05,449.5,445.0,448.25,143473,4502,64184714.0
2023-10-10,440.1,444.85,440.1,444.25,183421,4059,81300253.0
2023-10-09,441.0,443.25,437.1,440.1,540840,14009,238041268.0
2023-10-06,436.1,443.55,436.1,442.2,499227,12090,220584047.0
2023-10-05,440.0,440.5,435.1,436.0,180669,5590,78988444.0
2023-10-04,439.9,441.6,433.35,436.0,270843,8366,118497615.0
2023-10-03,441.0,442.35,439.2,439.75,324449,17473,142942605.0
2023-09-29,441.15,445.6,439.15,444.4,244911,7272,108458680.0
2023-09-28,450.65,450.65,439.85,440.7,188431,6403,83506608.0
2023-09-27,442.9,449.65,438.9,449.1,174999,5135,77646527.0
2023-09-26,443.35,444.55,439.75,442.4,324937,13030,143653118.0
2023-09-25,442.65,443.8,438.45,442.6,371289,16194,163801947.0
2023-09-22,447.4,448.75,442.05,443.2,164403,5732,73052013.0
2023-09-21,452.7,453.5,444.4,447.4,516144,16545,230793089.0
2023-09-20,451.65,455.0,449.65,453.0,228977,4582,103679935.0
2023-09-18,447.85,453.95,446.3,451.9,468015,12696,211240360.0
2023-09-15,448.0,452.0,447.5,448.4,388711,11330,174630507.0
2023-09-14,455.15,455.85,447.1,449.95,200881,5174,90515012.0
2023-09-13,451.3,456.95,451.0,453.35,337219,6491,153156323.0
2023-09-12,448.05,454.25,445.5,451.0,373729,6585,168365359.0
2023-09-11,445.05,448.2,442.7,446.95,263798,5581,117323602.0
2023-09-08,447.5,447.9,441.95,442.6,394002,10134,174780320.0
2023-09-07,448.35,448.75,444.65,445.75,343327,12096,153146864.0
2023-09-06,443.1,448.45,441.9,447.5,248237,8808,110558793.0
2023-09-05,438.05,444.05,438.05,443.05,633508,18651,279364329.0
2023-09-04,441.35,442.95,436.65,437.55,721463,29157,316553607.0
2023-09-01,439.65,445.05,438.1,441.25,775553,18732,342465051.0
2023-08-31,443.95,444.8,436.1,439.65,526773,20351,231724386.0
2023-08-30,440.35,443.8,440.35,442.8,357461,11579,158114379.0
2023-08-29,442.2,444.15,439.3,440.2,180970,6095,79802309.0
2023-08-28,445.0,446.75,441.0,441.35,389599,16293,172747510.0
2023-08-25,450.05,450.7,442.15,443.85,1220526,22312,543485352.0
2023-08-24,453.8,453.8,449.3,450.75,139617,3891,62979308.0
2023-08-23,456.0,456.0,448.8,450.4,243224,5844,109591386.0
2023-08-22,448.95,455.0,447.0,454.2,272302,5822,123143062.0
2023-08-21,441.05,448.45,441.05,447.7,520567,14871,231664970.0
2023-08-18,441.0,443.15,438.45,441.9,1073319,18422,473532672.0
2023-08-17,450.05,450.35,440.0,440.85,433193,11146,191741014.0
2023-08-16,451.9,457.4,448.45,450.05,387328,10385,175062430.0
2023-08-14,448.7,451.2,445.05,448.95,220102,7338,98489014.0
2023-08-11,452.05,452.8,444.8,448.7,277900,8573,124429167.0
2023-08-10,458.6,458.95,449.0,451.45,244095,6280,110541404.0
2023-08-09,451.05,459.75,447.0,458.6,681844,21931,307287642.0
2023-08-08,455.55,456.8,451.0,452.45,517145,15395,234474653.0
2023-08-07,453.05,456.6,450.85,454.9,221461,5992,100557147.0
2023-08-04,456.0,461.45,454.0,454.9,901597,23968,411258528.0
2023-08-03,459.95,463.65,454.4,456.1,210759,9014,96718917.0
2023-08-02,463.05,464.75,458.0,459.95,356133,11649,163767478.0
2023-08-01,466.0,468.75,463.9,464.75,288875,6861,134703858.0
2023-07-31,469.0,469.9,463.55,465.6,486654,19496,226941722.0
2023-07-28,469.95,469.95,463.5,468.55,687222,10815,320894727.0
2023-07-27,473.0,475.25,461.1,464.55,403209,8632,189205421.0
2023-07-26,464.2,473.1,462.25,472.1,567830,11392,266386187.0
2023-07-25,469.95,469.95,455.5,462.2,1032765,26495,475268620.0
2023-07-24,490.55,499.6,468.0,470.9,1010271,21915,486408962.0
2023-07-21,492.3,497.55,487.05,489.85,1351020,31004,664343349.0
2023-07-20,479.05,493.5,476.15,492.15,2992405,22113,1437580795.0
2023-07-19,472.05,480.4,468.2,478.85,258281,5209,122312010.0
2023-07-18,472.1,474.2,471.15,472.45,149602,4108,70704849.0
2023-07-17,473.0,476.65,470.6,472.1,209019,4761,98895226.0
2023-07-14,472.15,475.1,471.2,472.65,424725,12326,200900182.0
2023-07-13,472.55,476.75,470.95,472.0,357953,12601,169768012.0
2023-07-12,476.05,477.9,470.4,472.35,259189,5611,122859085.0
2023-07-11,465.8,474.7,465.8,472.95,173126,4503,81548579.0
2023-07-10,470.0,470.4,463.9,465.8,170686,6716,79706931.0
2023-07-07,473.5,475.5,467.5,468.35,698220,14691,327886342.0
2023-07-06,475.55,476.85,470.5,473.75,298118,8311,141071894.0
2023-07-05,466.0,480.6,464.3,474.8,553003,9578,262100592.0
2023-07-04,465.0,467.95,459.7,465.95,281814,6263,130541813.0
2023-07-03,446.05,466.0,446.05,462.95,823126,20411,376345688.0
2023-06-30,449.25,452.0,446.7,451.65,322016,9778,145009815.0
2023-06-28,444.05,450.5,444.05,449.25,393830,12308,176617803.0
2023-06-27,445.5,447.0,443.1,445.15,102707,3314,45638268.0
2023-06-26,445.05,451.45,444.2,445.35,171875,4304,76801768.0
2023-06-23,447.55,447.65,442.6,444.65,175649,5660,78136679.0
2023-06-22,448.0,449.65,445.7,447.55,254034,8715,113789519.0
2023-06-21,452.65,454.3,445.15,447.05,308781,12109,138838037.0
2023-06-20,454.05,454.65,450.3,452.9,109362,3452,49427206.0
2023-06-19,453.5,455.9,452.2,453.5,349002,10308,158549915.0
2023-06-16,448.35,455.5,447.95,453.2,258041,6018,116789219.0
2023-06-15,444.4,448.65,444.4,447.85,223116,4626,99810219.0
2023-06-14,445.5,447.75,443.8,444.45,364360,9892,162590280.0
2023-06-13,440.0,446.25,438.2,445.45,290423,6122,129007879.0
2023-06-12,440.0,440.95,433.65,436.9,356771,13912,155661829.0
2023-06-09,432.95,444.6,432.95,438.45,224052,7908,98613845.0
2023-06-08,445.0,445.7,441.8,442.85,231472,4271,102633539.0
2023-06-07,443.05,445.7,442.8,443.8,212522,4187,94356367.0
2023-06-06,441.3,443.5,440.5,442.75,289325,9458,127843983.0
2023-06-05,445.0,446.8,440.05,440.65,223674,5497,99093856.0
2023-06-02,440.0,444.75,439.9,443.2,548054,13689,242524847.0
2023-06-01,446.8,446.8,439.15,439.8,287920,6813,127220299.0
2023-05-31,449.9,452.0,442.5,445.3,316148,8078,141131921.0
2023-05-30,440.25,451.5,440.25,449.75,819981,16036,367174739.0
2023-05-29,444.05,451.75,444.05,449.1,849212,16685,381197447.0
2023-05-26,443.0,444.75,439.75,443.7,237148,4893,105057335.0
2023-05-25,435.0,442.5,435.0,441.1,491134,8502,216082899.0
2023-05-24,428.05,434.7,427.25,433.45,243999,5017,105314535.0
2023-05-23,425.05,431.0,424.15,429.0,468490,11163,200790083.0
2023-05-22,419.9,425.7,419.05,424.75,605302,12398,256233338.0
2023-05-19,421.35,423.05,411.5,419.9,416249,9345,173761407.0
2023-05-18,430.0,432.5,418.1,419.65,839150,22145,356717643.0
2023-05-17,424.95,428.8,422.55,427.65,354751,10151,150999685.0
2023-05-16,429.5,429.75,423.6,423.95,352657,11198,150180934.0
2023-05-15,420.0,428.55,419.25,427.9,487380,13104,206950739.0
2023-05-12,420.35,422.6,416.1,420.45,190008,4809,79691636.0
2023-05-11,426.45,427.2,418.9,420.35,477786,13755,201920615.0
2023-05-10,421.0,427.25,421.0,425.4,395604,10046,167964796.0
2023-05-09,433.45,433.45,421.65,423.9,408647,7299,174050984.0
2023-05-08,431.2,433.45,429.25,431.4,537898,12162,232017467.0
2023-05-05,424.55,431.9,424.2,428.85,280126,5498,119950980.0
2023-05-04,426.0,426.9,423.8,424.5,314606,9403,133692195.0
2023-05-03,424.35,428.45,422.1,427.15,236814,4897,101071466.0
2023-05-02,427.0,427.0,421.25,424.35,335784,6457,142496806.0
2023-04-28,418.4,428.0,413.7,425.15,343789,6387,144602219.0
2023-04-27,412.2,417.4,411.0,415.85,346698,5842,144090645.0
2023-04-26,411.55,413.0,409.2,412.2,206088,5159,84758776.0
2023-04-25,408.95,413.45,407.35,411.35,287630,6528,118193669.0
2023-04-24,410.0,410.0,404.2,408.6,388848,10525,158079116.0
2023-04-21,398.6,409.0,398.6,408.25,640946,14229,259853758.0
2023-04-20,399.05,402.6,397.95,400.3,138815,4726,55539998.0
2023-04-19,396.7,401.35,396.0,398.4,217739,5507,86908040.0
2023-04-18,400.0,402.0,397.0,398.45,374042,10074,149463067.0
2023-04-17,395.0,401.95,393.0,400.2,332151,6644,132607237.0
2023-04-13,395.0,396.5,393.8,395.45,126244,4262,49906661.0
2023-04-12,398.0,398.0,392.1,393.5,306404,9301,120748686.0
2023-04-11,389.9,398.2,386.65,396.1,776912,14917,306867394.0
2023-04-10,385.6,389.95,384.85,388.7,2877281,4595,1114386832.0
2023-04-06,386.25,390.25,384.25,387.25,333759,6062,128954775.0
2023-04-05,378.95,386.85,378.95,386.25,552322,11883,212324441.0
2023-04-03,383.5,384.1,378.6,378.95,262373,5018,99982552.0
2023-03-31,382.3,384.45,380.0,383.45,355471,8176,135904540.0
2023-03-29,379.5,383.95,377.5,382.55,196441,4491,74843191.0
2023-03-28,380.6,382.45,378.2,379.6,339822,8140,129140593.0
2023-03-27,375.1,384.45,375.1,380.2,399260,10333,151955578.0
2023-03-24,380.55,383.0,378.05,378.7,250023,4676,95186097.0
2023-03-23,377.55,382.7,374.5,380.2,326621,6676,123925080.0
2023-03-22,376.6,378.45,374.15,377.65,351774,7988,132414535.0
2023-03-21,379.95,379.95,374.0,377.05,223277,4786,83940105.0
2023-03-20,371.65,379.2,371.65,378.75,440836,12543,165182096.0
2023-03-17,384.0,384.0,369.7,375.75,938748,23622,350852967.0
2023-03-16,379.0,382.4,377.0,381.5,200819,5725,76262486.0
2023-03-15,380.15,384.35,378.0,379.15,447828,8798,170243253.0
2023-03-14,383.05,386.3,377.2,379.75,666374,13225,254515137.0
2023-03-13,388.0,391.0,382.5,383.85,666402,13910,257574376.0
2023-03-10,386.7,390.25,383.1,388.05,391135,9684,151619619.0
2023-03-09,392.3,393.4,385.7,387.9,259391,5854,100678319.0
2023-03-08,384.2,393.0,384.2,392.3,525483,12876,204915823.0
2023-03-06,386.45,392.45,385.25,388.2,259971,6403,101082496.0
2023-03-03,376.3,385.35,376.0,384.8,608976,12047,232999849.0
2023-03-02,379.0,379.7,374.8,375.7,149821,5523,56386825.0
2023-03-01,375.1,380.35,373.5,378.55,365594,10436,138321946.0
2023-02-28,382.0,384.1,375.05,376.8,219870,6241,83071743.0
2023-02-27,384.6,386.8,378.1,382.15,268256,5888,102353241.0
2023-02-24,388.95,388.95,380.95,384.9,405138,10330,155815150.0
2023-02-23,383.9,394.0,383.1,387.6,1128629,17874,439719823.0
2023-02-22,381.4,384.8,380.0,383.85,485749,14463,186026655.0
2023-02-21,384.4,385.9,381.75,382.3,214094,4139,82292189.0
2023-02-20,384.15,387.45,381.55,384.0,224297,4872,86218499.0
2023-02-17,381.2,384.45,379.35,383.25,192469,4281,73611289.0
2023-02-16,382.75,385.25,380.85,382.35,189471,4671,72697115.0
2023-02-15,381.7,382.75,378.65,382.1,500470,11663,190416834.0
2023-02-14,374.25,387.55,373.75,386.5,656336,8872,251371858.0
2023-02-13,372.95,375.0,370.0,374.1,199412,4512,74322126.0
2023-02-10,373.1,376.95,370.45,371.3,335234,8658,124823678.0
2023-02-09,374.55,379.9,372.05,374.35,450410,10654,169134095.0
2023-02-08,374.15,377.15,371.65,375.65,237585,5089,89084322.0
2023-02-07,383.4,383.5,368.6,373.15,527245,9851,197268152.0
2023-02-06,385.25,388.2,379.55,383.3,686271,12499,263953299.0
2023-02-03,380.95,382.2,372.0,380.5,1126646,19870,426266773.0
2023-02-02,360.75,384.5,360.75,378.6,2711039,51609,1021263963.0
2023-02-01,352.35,365.65,329.0,361.45,2754289,35710,970952651.0
2023-01-31,345.05,354.65,341.0,352.25,376078,6478,130702352.0
2023-01-30,346.0,351.7,342.25,344.65,476579,8911,165853134.0
2023-01-27,341.0,348.8,341.0,345.65,1030259,22143,355861001.0
2023-01-25,338.6,340.95,335.3,339.65,352432,7886,119133274.0
2023-01-24,338.1,340.75,337.6,338.95,489799,7067,166398873.0
2023-01-23,334.75,338.0,333.0,337.6,344127,8423,115728677.0
2023-01-20,332.5,335.35,329.2,334.7,215603,4162,71627033.0
2023-01-19,333.2,335.7,331.55,332.1,216945,7050,72318286.0
2023-01-18,333.25,336.5,332.4,334.75,396767,9249,132745042.0
2023-01-17,330.0,333.5,329.25,332.3,192746,3723,63946123.0
2023-01-16,328.8,332.0,327.5,329.9,299516,9216,98515293.0
2023-01-13,329.9,332.35,326.4,328.8,414537,6125,136543857.0
2023-01-12,332.6,333.6,328.0,329.65,193709,4732,63919698.0
2023-01-11,333.3,335.45,331.35,331.75,258354,7466,86001727.0
2023-01-10,338.0,338.0,332.55,333.4,393429,8490,131478378.0
