date,open_price,high_price,low_price,close_price,no_of_shares,no_of_trades,total_turnover
2026-01-09,1607.2,1630.9,1607.2,1614.75,172509,5486,279506806.0
2026-01-08,1636.1,1644.15,1608.8,1613.15,526375,24225,852097040.0
2026-01-07,1613.05,1642.0,1613.05,1638.9,312847,17905,511008306.0
2026-01-06,1601.5,1619.85,1599.0,1611.15,220594,8958,355785514.0
2026-01-05,1632.05,1636.65,1583.5,1606.4,322979,22364,517657289.0
2026-01-02,1633.05,1643.2,1628.0,1640.65,139635,4597,228851987.0
2026-01-01,1608.95,1639.4,1608.95,1629.5,484748,29287,789892955.0
2025-12-31,1623.95,1628.95,1609.9,1616.45,331554,18977,536271173.0
2025-12-30,1640.0,1648.0,1618.5,1624.4,230266,9645,376077340.0
2025-12-29,1655.55,1672.0,1638.0,1645.5,153008,5565,251868305.0
2025-12-26,1658.3,1668.3,1651.15,1655.55,206425,7190,342460678.0
2025-12-24,1660.0,1667.7,1652.25,1662.4,243609,21972,404623733.0
2025-12-23,1681.95,1681.95,1655.95,1668.1,289480,20912,481867110.0
2025-12-22,1669.95,1692.9,1662.8,1689.7,831315,23222,1398101133.0
2025-12-19,1645.05,1655.0,1629.7,1639.6,434492,10115,713194867.0
2025-12-18,1610.0,1629.0,1607.0,1626.35,713643,41608,1158947270.0
2025-12-17,1590.0,1606.5,1586.45,1602.1,173930,6625,278545910.0
2025-12-16,1598.05,1603.2,1585.9,1592.35,342763,10536,545388190.0
2025-12-15,1581.0,1610.7,1581.0,1607.05,231199,10965,370966411.0
2025-12-12,1602.05,1602.05,1582.3,1598.75,398050,6412,633604391.0
2025-12-11,1598.8,1605.8,1580.95,1597.8,762589,35406,1215410890.0
2025-12-10,1600.55,1606.3,1582.45,1584.65,574014,37634,913989930.0
2025-12-09,1600.05,1606.15,1582.5,1599.35,146401,6512,233765450.0
2025-12-08,1615.95,1629.8,1600.6,1610.05,255146,8359,412399016.0
2025-12-05,1607.35,1631.2,1600.85,1615.95,687186,25654,1111339229.0
2025-12-04,1560.75,1599.75,1560.75,1597.8,1501246,55397,2393079772.0
2025-12-03,1555.0,1585.6,1551.1,1578.3,462341,16678,727325912.0
2025-12-02,1564.05,1579.55,1556.0,1560.75,267203,12538,418267965.0
2025-12-01,1560.25,1573.7,1557.0,1563.15,217785,5596,340314450.0
2025-11-28,1569.1,1569.1,1556.95,1559.7,220809,4291,344959179.0
2025-11-27,1557.05,1574.4,1552.4,1566.15,866615,33677,1355437412.0
2025-11-26,1534.55,1559.95,1534.45,1557.75,190827,15315,295327618.0
2025-11-25,1549.0,1549.45,1526.0,1530.0,266157,12309,407830778.0
2025-11-24,1557.15,1584.95,1541.55,1549.4,414633,15495,649342852.0
2025-11-21,1530.0,1551.5,1527.5,1544.6,699948,10912,1083066680.0
2025-11-20,1541.0,1555.0,1533.4,1536.75,932233,29694,1433908116.0
2025-11-19,1488.8,1542.85,1488.8,1541.25,415125,16690,635284556.0
2025-11-18,1505.05,1505.05,1483.45,1485.65,658521,10815,979471197.0
2025-11-17,1485.1,1509.9,1485.1,1507.6,192848,9520,289488162.0
2025-11-14,1510.65,1529.65,1489.3,1502.5,427328,17004,643247736.0
2025-11-13,1558.95,1558.95,1530.4,1542.35,1051410,34662,1623476915.0
2025-11-12,1541.2,1557.9,1538.25,1551.4,641435,24832,994253927.0
2025-11-11,1523.25,1532.5,1511.0,1530.6,521626,20405,794783297.0
2025-11-10,1495.0,1520.0,1490.15,1514.6,664564,23237,1004680021.0
2025-11-07,1470.0,1481.15,1449.35,1477.35,402284,17566,588890469.0
2025-11-06,1473.2,1482.7,1461.3,1466.25,1067624,32784,1568103543.0
2025-11-04,1480.0,1481.2,1463.0,1468.0,162143,9828,238641299.0
2025-11-03,1481.3,1490.0,1474.35,1485.35,296650,13773,439575692.0
2025-10-31,1491.55,1496.95,1481.0,1482.5,330766,11783,492082258.0
2025-10-30,1506.0,1507.8,1489.0,1493.6,556398,22558,831338899.0
2025-10-29,1500.0,1519.8,1496.85,1510.8,273304,15210,412676836.0
2025-10-28,1498.2,1505.55,1490.5,1500.6,443272,21549,663300248.0
2025-10-27,1512.3,1515.0,1498.0,1504.8,295388,13771,445194909.0
2025-10-24,1538.0,1542.3,1517.45,1525.4,373169,17433,569411785.0
2025-10-23,1515.0,1545.7,1506.9,1528.85,1133053,36938,1734146252.0
2025-10-21,1477.25,1484.6,1470.0,1472.0,161060,10515,237652935.0
2025-10-20,1446.15,1466.85,1446.15,1461.5,403826,16260,589818375.0
2025-10-17,1459.0,1459.0,1433.8,1441.3,709603,43384,1024837272.0
2025-10-16,1475.0,1484.85,1460.2,1472.75,764627,24948,1124574433.0
2025-10-15,1488.0,1488.7,1467.4,1473.9,331279,18039,488592843.0
2025-10-14,1494.95,1514.85,1486.2,1489.8,163842,14323,245394250.0
2025-10-13,1499.95,1504.75,1483.5,1493.0,314857,16626,469907468.0
2025-10-10,1510.05,1521.05,1497.95,1514.25,203481,11429,307963898.0
2025-10-09,1503.9,1513.4,1487.1,1509.4,581651,20880,876936126.0
2025-10-08,1456.1,1497.9,1455.0,1494.95,285653,9464,426275536.0
2025-10-07,1479.35,1483.0,1454.1,1456.1,222046,4676,323936509.0
2025-10-06,1446.55,1478.6,1442.05,1475.15,78527,4311,115004394.0
2025-10-03,1443.45,1448.7,1433.8,1446.55,139459,5084,201230497.0
2025-10-01,1445.4,1449.5,1427.35,1445.65,900662,29132,1298069381.0
2025-09-30,1443.0,1451.8,1438.4,1442.05,82243,5963,118821062.0
2025-09-29,1460.05,1464.75,1436.7,1440.3,1692478,4695,2454918504.0
2025-09-26,1478.65,1478.65,1441.3,1448.6,208390,14288,303742995.0
2025-09-25,1487.0,1503.0,1476.55,1484.65,451972,23559,671902646.0
2025-09-24,1493.0,1496.7,1483.1,1494.2,238872,25117,356209826.0
2025-09-23,1493.05,1512.95,1493.05,1497.75,216313,15240,324682225.0
2025-09-22,1480.05,1514.7,1480.05,1500.1,722265,49627,1083225093.0
2025-09-19,1541.4,1550.95,1520.6,1540.3,145218,11622,222314851.0
2025-09-18,1545.0,1554.8,1538.0,1540.25,661566,30275,1022584649.0
2025-09-17,1515.25,1526.75,1514.0,1523.0,213257,13500,324322744.0
2025-09-16,1508.05,1514.35,1503.95,1511.35,188722,10550,284513644.0
2025-09-15,1524.1,1527.0,1501.4,1508.05,165226,7345,249517225.0
2025-09-12,1544.65,1544.65,1522.65,1525.55,443179,15641,678667700.0
2025-09-11,1530.0,1530.0,1506.65,1509.5,817985,41143,1236299014.0
2025-09-10,1509.0,1534.5,1509.0,1532.65,425557,25956,649984532.0
2025-09-09,1480.0,1507.0,1472.6,1504.75,575264,16504,858777138.0
2025-09-08,1452.0,1458.45,1428.35,1432.65,144710,9061,208098738.0
2025-09-05,1469.5,1472.55,1433.15,1444.35,251340,16694,363222741.0
2025-09-04,1482.45,1485.0,1460.0,1463.25,498970,30157,731843989.0
2025-09-03,1497.05,1502.4,1473.0,1479.3,115052,12601,170216045.0
2025-09-02,1499.45,1512.85,1486.1,1497.1,80249,5548,120331626.0
2025-09-01,1472.2,1502.5,1472.2,1499.45,98064,4300,146863692.0
2025-08-29,1500.0,1500.9,1467.5,1469.45,463272,7326,685887524.0
2025-08-28,1515.75,1528.4,1498.1,1500.05,220827,9328,332259232.0
2025-08-26,1522.15,1538.3,1518.05,1529.85,848744,33521,1296671085.0
2025-08-25,1492.05,1539.0,1492.05,1532.6,530569,24898,811051307.0
2025-08-22,1496.25,1501.45,1485.9,1487.6,196138,9831,293056815.0
2025-08-21,1508.0,1508.0,1484.15,1496.7,161665,7394,241976946.0
2025-08-20,1440.0,1499.0,1439.9,1495.85,353451,15767,522478359.0
2025-08-19,1434.5,1449.7,1434.5,1440.0,564936,15991,815636791.0
2025-08-18,1468.45,1468.45,1429.65,1435.6,86431,4181,124524366.0
2025-08-14,1427.85,1470.0,1427.4,1447.45,215629,7892,313457977.0
2025-08-13,1428.95,1434.0,1422.2,1426.0,317483,8675,453022513.0
2025-08-12,1429.8,1441.0,1421.15,1424.1,704625,14478,1005803845.0
2025-08-11,1420.0,1433.2,1414.5,1428.0,130477,9205,185862158.0
2025-08-08,1428.95,1433.35,1417.05,1423.65,317247,16554,451844085.0
2025-08-07,1435.0,1442.7,1414.55,1437.65,195425,6380,278678920.0
2025-08-06,1455.7,1455.7,1430.3,1435.75,96277,5059,138845273.0
2025-08-05,1475.2,1479.9,1454.75,1459.75,491243,8755,717027926.0
2025-08-04,1466.0,1482.5,1451.2,1480.35,144987,10425,212448618.0
2025-08-01,1496.95,1498.75,1466.1,1470.6,150754,8360,223127194.0
2025-07-31,1507.55,1526.7,1497.1,1508.6,827621,11605,1249277108.0
2025-07-30,1510.05,1521.5,1505.7,1519.05,159917,6779,242236009.0
2025-07-29,1510.45,1517.2,1496.6,1513.85,341189,19794,514513737.0
2025-07-28,1518.95,1519.35,1482.7,1516.1,287153,16177,432765829.0
2025-07-25,1543.0,1549.75,1511.35,1515.6,463200,30329,706154952.0
2025-07-24,1581.0,1581.0,1548.2,1553.55,380211,14311,592306295.0
2025-07-23,1579.8,1592.4,1551.0,1574.4,239856,11330,379022699.0
2025-07-22,1579.95,1585.6,1567.0,1570.1,571499,21780,899307399.0
2025-07-21,1579.15,1589.0,1568.25,1584.6,120472,7358,190223513.0
2025-07-18,1588.05,1599.0,1579.9,1586.55,369627,3592,586808125.0
2025-07-17,1608.55,1609.75,1580.5,1582.7,159573,6868,254383491.0
2025-07-16,1580.0,1612.1,1579.8,1608.6,60718,3183,97185965.0
2025-07-15,1565.0,1603.8,1565.0,1584.8,896680,16746,1421531072.0
2025-07-14,1589.2,1593.95,1560.0,1570.45,1462073,16995,2325381376.0
2025-07-11,1579.0,1606.95,1563.25,1594.9,360567,14388,573800773.0
2025-07-10,1637.0,1637.0,1607.55,1616.75,771970,6713,1248443300.0
2025-07-09,1638.65,1638.65,1624.0,1633.9,400089,9116,652450597.0
2025-07-08,1628.2,1646.9,1621.1,1638.65,549019,14124,898273133.0
2025-07-07,1640.0,1642.4,1623.05,1627.5,173344,5459,283257444.0
2025-07-04,1628.15,1643.4,1612.4,1640.2,274445,8954,446580433.0
2025-07-03,1610.0,1632.0,1610.0,1618.15,95119,3954,154384707.0
2025-07-02,1616.6,1649.0,1604.0,1609.9,466445,14347,760048498.0
2025-07-01,1601.3,1617.0,1600.9,1608.15,461917,15706,742607687.0
2025-06-30,1609.3,1614.95,1594.25,1601.3,187993,8194,301591301.0
2025-06-27,1602.05,1629.95,1602.05,1608.6,80596,3636,130146508.0
2025-06-26,1615.45,1624.1,1606.55,1615.0,187926,6197,303594673.0
2025-06-25,1592.95,1619.85,1586.0,1615.5,91093,3640,146346598.0
2025-06-24,1603.15,1606.4,1577.9,1581.55,930652,25603,1476691610.0
2025-06-23,1600.0,1600.1,1576.0,1584.7,256524,8970,406966675.0
2025-06-20,1619.0,1630.0,1608.65,1621.85,300615,11493,485866348.0
2025-06-19,1629.65,1629.65,1612.25,1618.5,188630,5213,305291694.0
2025-06-18,1615.0,1644.45,1615.0,1632.8,659232,6720,1078127873.0
2025-06-17,1619.95,1647.7,1615.2,1640.15,2067483,30733,3385826643.0
2025-06-16,1600.0,1634.5,1596.8,1623.75,436434,11680,706396707.0
2025-06-13,1571.05,1608.75,1570.0,1601.55,115149,5082,183486221.0
2025-06-12,1625.95,1627.5,1598.4,1607.4,176187,6694,284030793.0
2025-06-11,1594.95,1634.1,1589.95,1630.7,420095,18115,678996777.0
2025-06-10,1580.0,1607.0,1577.7,1596.25,400500,19033,638968178.0
2025-06-09,1579.0,1587.9,1570.1,1572.55,292314,13135,461092511.0
2025-06-06,1553.3,1568.0,1543.7,1564.05,310045,13482,481849939.0
2025-06-05,1552.0,1567.45,1542.4,1554.35,175186,7307,272546465.0
2025-06-04,1542.3,1557.0,1542.0,1551.25,47951,2722,74323965.0
2025-06-03,1561.8,1566.7,1535.35,1542.35,1190530,44376,1838514520.0
2025-06-02,1562.0,1562.0,1538.75,1554.2,338024,16190,524465355.0
2025-05-30,1569.0,1570.75,1555.1,1562.8,361932,8992,566074953.0
2025-05-29,1585.0,1609.0,1577.0,1585.4,413916,13154,659457418.0
2025-05-28,1574.05,1587.0,1570.05,1572.05,222802,7203,351398848.0
2025-05-27,1578.25,1582.8,1556.2,1570.5,959158,32264,1503549427.0
2025-05-26,1569.95,1583.75,1562.35,1580.4,216608,6668,341843624.0
2025-05-23,1550.0,1586.5,1549.25,1564.5,328344,11155,517638781.0
2025-05-22,1562.0,1562.0,1540.05,1549.2,369151,12874,572791345.0
2025-05-21,1561.65,1570.0,1552.15,1568.1,153101,5664,239782345.0
2025-05-20,1567.0,1583.0,1558.3,1560.4,320816,14747,502839787.0
2025-05-19,1583.95,1583.95,1555.0,1559.15,402469,11775,630425341.0
2025-05-16,1614.2,1614.2,1581.3,1589.75,230333,12414,366416565.0
2025-05-15,1592.35,1618.85,1571.2,1613.25,332079,16918,531537861.0
2025-05-14,1575.0,1594.15,1570.0,1592.6,196636,9233,312403575.0
2025-05-13,1619.6,1619.6,1564.95,1569.1,435421,13547,687154203.0
2025-05-12,1535.25,1632.0,1534.05,1626.7,302933,10553,478657076.0
2025-05-09,1491.2,1511.0,1491.2,1507.45,75913,3131,114112307.0
2025-05-08,1509.95,1516.4,1501.35,1511.25,170453,7751,257206048.0
2025-05-07,1501.3,1518.75,1495.05,1508.5,109324,3869,164875603.0
2025-05-06,1509.0,1515.5,1499.1,1511.3,94902,3665,143313270.0
2025-05-05,1507.35,1522.45,1502.75,1507.7,105684,3653,159808086.0
2025-05-02,1504.95,1523.7,1496.4,1506.45,92930,5510,140332645.0
2025-04-30,1497.4,1508.0,1486.0,1498.9,119269,4233,178968923.0
2025-04-29,1482.2,1509.6,1474.5,1497.4,398565,19745,594391685.0
2025-04-28,1483.0,1488.7,1465.3,1482.2,532448,19955,786804065.0
2025-04-25,1474.1,1501.5,1464.0,1480.2,236153,8768,350489612.0
2025-04-24,1474.75,1483.0,1461.15,1471.3,179407,5968,263680371.0
2025-04-23,1447.35,1487.85,1441.55,1474.85,329800,9413,485341810.0
2025-04-22,1448.95,1448.95,1419.6,1422.4,391747,12926,558423947.0
2025-04-21,1409.0,1471.5,1409.0,1450.45,592543,20729,859552400.0
2025-04-17,1404.85,1429.4,1378.6,1420.2,771330,23993,1077053703.0
2025-04-16,1429.95,1429.95,1396.95,1413.0,345038,18364,487231639.0
2025-04-15,1440.4,1447.0,1409.1,1427.25,383484,16746,545823438.0
2025-04-11,1414.65,1438.55,1397.65,1410.6,493400,18110,701244464.0
2025-04-09,1408.2,1408.2,1381.35,1404.2,263142,16382,366900187.0
2025-04-08,1427.0,1456.5,1415.0,1429.3,415932,18641,597687595.0
2025-04-07,1350.0,1406.85,1307.1,1397.8,1050658,50183,1430751864.0
2025-04-04,1466.95,1472.0,1448.0,1452.3,353376,25682,515947248.0
2025-04-03,1522.9,1530.0,1485.1,1497.0,293518,14229,440072735.0
2025-04-02,1531.5,1555.5,1531.5,1549.85,136844,7745,211712087.0
2025-04-01,1535.1,1547.7,1518.0,1527.5,265555,13575,406206382.0
2025-03-28,1594.95,1597.8,1565.05,1570.4,229420,15363,361684916.0
2025-03-27,1595.6,1620.0,1586.4,1603.55,158837,7952,254308505.0
2025-03-26,1630.0,1637.8,1595.0,1598.15,134262,8644,216724003.0
2025-03-25,1603.0,1635.9,1603.0,1631.7,232600,10509,378344239.0
2025-03-24,1598.3,1606.55,1572.55,1592.2,274520,16450,435871395.0
2025-03-21,1580.0,1603.55,1564.15,1592.6,91843,6399,146079971.0
2025-03-20,1592.95,1631.0,1592.95,1614.15,155196,9060,250868120.0
2025-03-19,1608.75,1608.75,1572.6,1586.55,108452,6426,171624098.0
2025-03-18,1596.3,1612.7,1582.05,1608.8,137751,11471,220561002.0
2025-03-17,1555.0,1594.0,1551.0,1590.55,65835,5581,104177928.0
2025-03-13,1597.5,1606.6,1571.0,1579.25,99375,5366,157577718.0
2025-03-12,1639.65,1639.65,1564.15,1589.6,186559,10570,296090246.0
2025-03-11,1682.95,1682.95,1637.05,1660.6,184062,13785,304660955.0
2025-03-10,1689.95,1718.8,1676.8,1702.75,81295,6063,138451078.0
2025-03-07,1704.95,1704.95,1675.8,1685.75,66194,3915,111649285.0
2025-03-06,1718.65,1721.15,1691.0,1713.2,92840,8890,158306232.0
2025-03-05,1690.05,1732.3,1690.05,1710.8,126336,7014,216797709.0
2025-03-04,1699.95,1699.95,1670.0,1689.7,124480,6967,209611826.0
2025-03-03,1688.4,1728.45,1688.4,1708.1,695948,13320,1190643569.0
2025-02-28,1754.1,1754.45,1682.8,1688.05,113082,7785,192453020.0
2025-02-27,1758.2,1775.9,1751.15,1764.2,80318,5372,141740348.0
2025-02-25,1751.5,1778.45,1749.15,1768.2,299475,13863,529358179.0
2025-02-24,1809.8,1809.8,1750.0,1764.15,200716,16094,355707458.0
2025-02-21,1828.75,1828.75,1806.5,1815.15,900230,2860,1628826105.0
2025-02-20,1800.3,1830.5,1800.3,1823.45,118255,5483,215496341.0
2025-02-19,1845.95,1848.9,1807.0,1810.8,76054,4479,138978454.0
2025-02-18,1840.6,1861.0,1838.0,1851.5,169092,6784,312277486.0
2025-02-17,1848.0,1850.05,1823.0,1842.6,106879,2962,196447024.0
2025-02-14,1852.5,1859.0,1828.05,1856.3,132900,7462,244824039.0
2025-02-13,1865.5,1873.5,1835.15,1843.25,149469,5998,276965636.0
2025-02-12,1876.85,1894.5,1846.25,1863.75,649652,9950,1212488502.0
2025-02-11,1879.3,1902.55,1869.7,1876.8,694809,8410,1305792964.0
2025-02-10,1908.5,1908.5,1878.25,1879.2,204511,7019,385448912.0
2025-02-07,1880.2,1921.0,1880.2,1902.75,141726,5713,269362078.0
2025-02-06,1920.0,1922.65,1900.05,1915.95,107219,5607,204577622.0
2025-02-05,1907.9,1919.1,1894.55,1897.1,189137,12494,360086249.0
2025-02-04,1887.0,1911.4,1875.0,1899.25,386977,27294,732324369.0
2025-02-03,1839.95,1876.5,1832.8,1863.85,130888,11192,242643297.0
2025-02-01,1873.75,1889.95,1845.2,1851.9,70912,4625,132294754.0
2025-01-31,1864.1,1896.15,1864.1,1880.05,218826,4982,411770330.0
2025-01-30,1878.95,1885.95,1844.95,1859.85,98815,12724,183910832.0
2025-01-29,1838.55,1888.0,1838.55,1880.85,220194,19798,410217563.0
2025-01-28,1822.3,1863.0,1822.3,1829.15,366784,23629,676573202.0
2025-01-27,1850.0,1862.45,1812.9,1822.1,93143,5093,171528278.0
2025-01-24,1865.0,1894.85,1864.8,1875.15,273838,22066,515484308.0
2025-01-23,1856.45,1879.5,1850.65,1864.8,135461,14824,253255561.0
2025-01-22,1806.1,1865.4,1806.1,1856.6,142272,7822,261881490.0
2025-01-21,1820.0,1831.85,1792.45,1799.8,504737,21972,915657088.0
2025-01-20,1822.4,1831.6,1793.2,1813.25,54311,3802,98203265.0
2025-01-17,1869.95,1869.95,1812.7,1815.1,256183,13134,467956373.0
2025-01-16,1962.4,1967.75,1917.75,1926.2,113338,7579,220034162.0
2025-01-15,1951.95,1957.9,1938.0,1949.8,40167,2037,78248798.0
2025-01-14,1960.05,1972.0,1931.25,1939.3,215561,9876,418852035.0
2025-01-13,1950.05,1982.55,1948.75,1961.8,140309,6978,276057351.0
2025-01-10,1931.55,1977.0,1931.55,1966.7,320367,21477,627600188.0
2025-01-09,1941.85,1952.0,1909.85,1917.8,272548,9765,524895240.0
2025-01-08,1922.05,1938.95,1888.3,1933.15,201177,10015,383615019.0
2025-01-07,1938.45,1959.4,1924.4,1932.55,244697,17825,472942966.0
2025-01-06,1954.65,1972.95,1927.85,1937.85,189323,6191,367956803.0
2025-01-03,1957.45,1957.45,1922.2,1938.3,205298,9399,397478307.0
2025-01-02,1890.0,1962.05,1885.0,1957.65,232274,13053,451144341.0
2025-01-01,1879.95,1892.1,1875.0,1882.65,180770,5519,340866919.0
2024-12-31,1895.0,1895.3,1845.7,1880.7,49186,3340,91877562.0
2024-12-30,1916.0,1916.0,1886.45,1905.7,232307,9272,441718277.0
2024-12-27,1915.95,1924.0,1904.0,1916.55,299022,11539,571079639.0
2024-12-26,1906.0,1920.9,1902.5,1906.2,294282,10000,561454639.0
2024-12-24,1924.15,1941.75,1900.25,1909.3,225966,7259,432562837.0
2024-12-23,1927.15,1940.45,1909.25,1923.85,65647,3054,126369983.0
2024-12-20,1972.0,1981.65,1911.25,1922.05,251755,11565,486438858.0
2024-12-19,1939.35,1959.0,1921.0,1948.15,75296,4815,145974140.0
2024-12-18,1965.05,1984.45,1962.15,1978.9,91783,5892,181299649.0
2024-12-17,1970.0,1980.55,1959.0,1976.65,38762,2930,76458381.0
2024-12-16,1990.3,1999.25,1977.4,1979.65,73924,5623,146950210.0
2024-12-13,1969.6,2006.8,1946.45,1999.85,182861,7583,363459027.0
2024-12-12,1975.0,1998.65,1973.0,1986.75,109677,6437,218145375.0
2024-12-11,1952.55,1977.55,1947.35,1968.7,208326,10446,409570816.0
2024-12-10,1930.0,1965.0,1930.0,1948.7,192342,9433,374920973.0
2024-12-09,1922.7,1930.9,1897.5,1925.3,122141,8117,233688645.0
2024-12-06,1929.8,1936.1,1913.0,1923.2,125863,6787,241908168.0
2024-12-05,1900.5,1949.0,1889.25,1934.35,235468,13145,452580559.0
2024-12-04,1886.95,1912.9,1874.1,1890.3,60195,3502,114128601.0
2024-12-03,1880.5,1899.0,1872.0,1891.4,68682,2827,129756346.0
2024-12-02,1850.1,1882.0,1836.0,1879.2,144317,8054,269211322.0
2024-11-29,1855.35,1876.75,1845.65,1858.45,210152,10938,390895265.0
2024-11-28,1918.95,1918.95,1852.55,1857.45,122450,6898,229134545.0
2024-11-27,1939.95,1940.65,1912.5,1924.1,53515,3299,103090842.0
2024-11-26,1901.45,1938.7,1899.15,1921.85,101596,5274,195779086.0
2024-11-25,1910.5,1919.0,1882.2,1889.15,181895,8916,344157370.0
2024-11-22,1849.35,1913.9,1834.25,1902.95,383445,18595,721943509.0
2024-11-21,1839.95,1866.6,1820.5,1834.2,134583,9705,247628350.0
2024-11-19,1822.05,1860.0,1822.05,1825.55,92671,5864,170506570.0
2024-11-18,1863.95,1863.95,1795.75,1811.4,131100,6786,237876597.0
2024-11-14,1869.65,1876.05,1856.45,1864.0,216343,14314,403495321.0
2024-11-13,1865.95,1873.45,1857.0,1868.3,60793,4076,113484181.0
2024-11-12,1863.0,1881.25,1861.1,1867.95,73031,4101,136678404.0
2024-11-11,1820.55,1867.8,1820.55,1860.0,173854,11312,322101023.0
2024-11-08,1815.95,1840.0,1813.1,1831.05,152794,7543,279864891.0
2024-11-07,1819.85,1825.1,1786.65,1802.65,108778,7197,196347373.0
2024-11-06,1765.0,1827.0,1763.5,1824.3,2491228,7751,4377024510.0
2024-11-05,1763.75,1768.25,1745.1,1753.8,87084,7082,152742140.0
2024-11-04,1728.95,1768.25,1718.5,1764.9,183170,12641,319107086.0
2024-11-01,1763.0,1766.3,1754.4,1761.6,16395,2210,28889616.0
2024-10-31,1797.0,1797.0,1747.2,1757.15,272382,14317,479244128.0
2024-10-30,1834.95,1839.85,1797.0,1801.75,79714,4763,144807998.0
2024-10-29,1847.0,1851.6,1828.9,1838.75,83833,6388,154271945.0
2024-10-28,1855.05,1881.1,1855.05,1866.25,176878,8051,331434170.0
2024-10-25,1868.75,1876.0,1845.65,1853.25,298913,19155,555808154.0
2024-10-24,1872.05,1883.7,1860.1,1864.4,66000,3189,123183416.0
2024-10-23,1842.35,1885.5,1842.35,1872.85,115059,5027,215402256.0
2024-10-22,1846.05,1877.7,1846.05,1850.95,67574,5907,125673867.0
2024-10-21,1899.4,1899.4,1838.1,1852.5,156295,8501,289804463.0
2024-10-18,1905.0,1936.8,1870.0,1878.85,532991,26388,1007736701.0
2024-10-17,1930.0,1978.0,1930.0,1969.5,265093,9698,517512094.0
2024-10-16,1958.95,1960.1,1916.3,1919.9,65346,4392,126587989.0
2024-10-15,1964.95,1990.9,1952.0,1959.1,218415,7927,428495977.0
2024-10-14,1934.95,1970.0,1933.75,1958.7,78170,6506,152971422.0
2024-10-11,1918.05,1946.9,1909.9,1935.0,219738,13195,424976236.0
2024-10-10,1969.9,1969.9,1914.25,1919.05,133629,8105,258584285.0
2024-10-09,1951.7,1976.9,1945.5,1953.9,127209,7935,249777675.0
2024-10-08,1934.75,1957.75,1906.9,1948.5,303314,20462,586067103.0
2024-10-07,1922.05,1942.25,1915.6,1933.75,367272,18849,709309950.0
2024-10-04,1888.65,1954.1,1888.65,1918.35,537361,19810,1037933258.0
2024-10-03,1886.15,1911.95,1881.1,1893.1,185365,8276,350981870.0
2024-10-01,1876.0,1909.0,1875.0,1904.15,283922,15995,538438978.0
2024-09-30,1884.95,1900.0,1870.0,1876.0,110696,9248,208549215.0
2024-09-27,1930.0,1974.65,1903.3,1907.2,262993,10827,508698330.0
2024-09-26,1890.35,1917.35,1890.35,1899.35,129294,8317,246425271.0
2024-09-25,1893.45,1901.0,1877.4,1896.0,68854,3693,130137585.0
2024-09-24,1885.0,1910.0,1871.05,1897.8,114447,8025,216234321.0
2024-09-23,1908.55,1918.0,1879.0,1897.0,173160,8728,328001181.0
2024-09-20,1911.25,1915.0,1866.95,1906.1,898237,28257,1703289490.0
2024-09-19,1918.5,1924.2,1878.25,1894.15,260296,10634,493850245.0
2024-09-18,1940.0,1940.0,1882.0,1892.35,269091,13487,510578438.0
2024-09-17,1949.75,1958.2,1942.45,1952.65,70650,2380,137923128.0
2024-09-16,1940.25,1952.0,1932.45,1949.75,123161,6497,239605990.0
2024-09-13,1950.35,1958.7,1935.45,1944.3,300090,9679,585279824.0
2024-09-12,1921.25,1956.0,1910.8,1950.35,211482,13909,407508153.0
2024-09-11,1913.0,1926.0,1904.85,1910.8,165928,6700,318221074.0
2024-09-10,1905.0,1935.0,1896.6,1912.9,162880,7948,313306720.0
2024-09-09,1885.05,1920.5,1885.05,1894.7,221300,11332,422969100.0
2024-09-06,1931.15,1935.9,1896.7,1902.2,274994,17270,524484934.0
2024-09-05,1923.15,1938.9,1910.05,1933.0,94075,5170,180623943.0
2024-09-04,1907.6,1928.2,1900.75,1922.05,105955,4815,202258325.0
2024-09-03,1964.9,1965.0,1936.0,1940.2,103637,4867,202452668.0
2024-09-02,1943.0,1975.05,1942.95,1964.1,151346,7223,296853853.0
2024-08-30,1943.9,1950.0,1928.15,1943.3,219394,12807,424945090.0
2024-08-29,1935.0,1950.0,1920.6,1932.4,171353,11787,331903716.0
2024-08-28,1904.5,1950.2,1896.9,1939.2,336061,17662,649961770.0
2024-08-27,1881.7,1902.0,1874.0,1900.15,130940,7851,248170077.0
2024-08-26,1870.0,1888.35,1866.75,1875.95,120624,8452,226756993.0
2024-08-23,1878.95,1880.25,1856.55,1862.35,322603,12535,601225631.0
2024-08-22,1882.35,1893.3,1869.9,1879.95,81706,6368,153695093.0
2024-08-21,1874.0,1879.95,1866.65,1872.25,86735,5632,162309608.0
2024-08-20,1880.05,1885.7,1868.35,1873.5,70074,3408,131548751.0
2024-08-19,1859.35,1866.85,1849.45,1864.1,105146,7851,195715710.0
2024-08-16,1847.25,1861.8,1830.65,1859.35,321175,12691,594825657.0
2024-08-14,1797.35,1825.0,1797.35,1822.65,506152,4781,914729392.0
2024-08-13,1806.35,1807.4,1789.55,1796.8,149499,11304,268928788.0
2024-08-12,1765.05,1803.0,1765.05,1797.55,140719,10204,252101538.0
2024-08-09,1774.65,1779.9,1756.55,1770.85,273636,13885,484154093.0
2024-08-08,1784.35,1784.35,1727.45,1741.1,212394,14709,371713022.0
2024-08-07,1789.95,1797.0,1762.05,1792.0,54563,4262,97363768.0
2024-08-06,1751.45,1796.65,1745.0,1750.65,111439,5943,196975572.0
2024-08-05,1761.0,1797.6,1718.4,1751.4,580128,32765,1020900260.0
2024-08-02,1843.95,1860.0,1816.2,1821.4,577170,17758,1053770417.0
2024-08-01,1845.4,1867.55,1845.4,1852.3,198684,7568,368540636.0
2024-07-31,1874.35,1884.0,1865.5,1868.05,50275,3469,94153776.0
2024-07-30,1867.25,1879.9,1860.0,1877.0,129390,9039,242002490.0
2024-07-29,1885.05,1903.0,1864.15,1872.3,82954,4701,156175814.0
2024-07-26,1824.5,1883.0,1824.5,1878.75,756974,30936,1417484149.0
2024-07-25,1821.65,1830.6,1813.75,1825.35,93576,5178,170513797.0
2024-07-24,1828.9,1840.55,1820.2,1830.2,355661,13298,650886852.0
2024-07-23,1808.0,1839.75,1783.0,1836.95,186623,10223,338472070.0
2024-07-22,1800.0,1823.15,1793.75,1810.55,175147,7151,316799869.0
2024-07-19,1842.05,1843.0,1786.0,1792.85,1647829,49938,2978628044.0
2024-07-18,1724.95,1764.95,1720.75,1759.15,286775,13203,500627261.0
2024-07-16,1713.2,1737.5,1699.3,1725.8,265172,14429,457073248.0
2024-07-15,1715.3,1728.1,1702.25,1707.2,319131,15347,547526935.0
2024-07-12,1675.05,1719.0,1666.85,1712.0,1025252,50290,1743720747.0
2024-07-11,1655.0,1665.0,1642.25,1653.05,178432,7924,295100421.0
2024-07-10,1657.5,1674.0,1637.55,1647.7,255972,14070,423193824.0
2024-07-09,1659.0,1666.0,1650.4,1657.25,173026,9539,287234335.0
2024-07-08,1642.0,1666.0,1640.0,1661.65,99345,5692,164466121.0
2024-07-05,1649.55,1665.0,1633.2,1647.2,503374,24052,830743395.0
2024-07-04,1627.65,1659.15,1627.6,1649.15,411364,23125,679646787.0
2024-07-03,1624.95,1635.5,1606.25,1627.6,120360,4933,195300571.0
2024-07-02,1598.0,1633.8,1589.0,1621.0,221285,10618,358202815.0
2024-07-01,1561.05,1599.85,1559.2,1589.75,438488,23938,696227264.0
2024-06-28,1571.1,1588.0,1564.0,1566.95,719140,36624,1130896944.0
2024-06-27,1540.0,1577.5,1532.2,1573.5,914944,34705,1431941571.0
2024-06-26,1540.0,1548.95,1535.35,1541.35,182325,5788,281250650.0
2024-06-25,1526.0,1543.75,1521.65,1541.3,481445,15923,737571719.0
2024-06-24,1526.25,1528.8,1516.6,1527.25,218485,7386,332886773.0
2024-06-21,1531.05,1557.75,1523.45,1531.7,971925,36296,1493171656.0
2024-06-20,1513.05,1517.1,1499.25,1515.3,242401,7015,366003340.0
2024-06-19,1502.45,1515.95,1496.55,1511.35,254774,8550,383851166.0
2024-06-18,1488.95,1507.65,1488.95,1497.85,121668,4654,182655007.0
2024-06-14,1500.05,1501.0,1486.0,1488.55,280369,12658,417693398.0
2024-06-13,1498.0,1505.0,1489.75,1494.25,212377,8210,317606383.0
2024-06-12,1503.0,1508.95,1483.05,1485.0,255297,9451,382052854.0
2024-06-11,1504.95,1506.55,1494.0,1495.6,111787,4562,167890577.0
2024-06-10,1528.85,1528.85,1497.9,1499.65,228905,9809,344424553.0
2024-06-07,1475.15,1539.0,1475.15,1533.35,2034394,88607,3101366826.0
2024-06-06,1442.55,1474.0,1437.4,1472.5,712430,33632,1039482013.0
2024-06-05,1400.0,1438.0,1400.0,1430.25,505138,26861,719071143.0
2024-06-04,1411.95,1412.95,1359.1,1394.4,1016378,57135,1418347180.0
2024-06-03,1435.15,1439.05,1404.0,1405.9,182274,8146,257144869.0
2024-05-31,1413.0,1436.5,1400.0,1406.25,692017,28966,979487233.0
2024-05-30,1447.95,1449.9,1421.7,1425.75,515228,26582,737607005.0
2024-05-29,1469.95,1469.95,1448.7,1451.6,206028,6672,299912614.0
2024-05-28,1477.0,1477.0,1461.0,1466.2,368764,10101,542123208.0
2024-05-27,1467.8,1479.5,1460.5,1471.6,92422,4949,135906452.0
2024-05-24,1471.75,1475.2,1459.15,1465.0,367838,18564,539697329.0
2024-05-23,1456.15,1478.15,1451.9,1472.9,222189,11760,326386948.0
2024-05-22,1434.65,1459.9,1429.5,1454.65,337362,14020,489498597.0
2024-05-21,1439.95,1444.0,1428.75,1434.2,181992,12384,261213033.0
2024-05-18,1445.0,1465.95,1442.1,1443.75,12182,813,17603977.0
2024-05-17,1455.45,1455.45,1439.5,1444.05,284528,11854,410955805.0
2024-05-16,1431.0,1455.5,1428.0,1452.9,421731,18052,608800420.0
2024-05-15,1424.65,1431.0,1419.0,1420.75,280110,18094,398600587.0
2024-05-14,1425.15,1433.45,1418.0,1424.85,88849,3702,126535372.0
2024-05-13,1425.15,1425.15,1411.15,1423.25,180542,11219,255923838.0
2024-05-10,1436.95,1436.95,1413.15,1425.15,237684,11973,338069279.0
2024-05-09,1428.6,1449.65,1425.0,1438.75,318603,21659,458696721.0
2024-05-08,1431.3,1441.45,1426.1,1427.35,64739,3207,92759333.0
2024-05-07,1425.5,1443.0,1416.0,1440.75,173851,7559,248526404.0
2024-05-06,1416.45,1445.0,1416.45,1425.8,276183,15304,396145158.0
2024-05-03,1423.5,1424.3,1403.1,1416.45,361945,26767,510912995.0
2024-05-02,1414.95,1423.55,1412.0,1414.85,286211,21191,406061119.0
2024-04-30,1436.65,1436.65,1418.1,1421.1,214453,16874,306438678.0
2024-04-29,1432.8,1439.75,1428.4,1435.0,90788,5167,130243808.0
2024-04-26,1438.65,1445.45,1426.4,1430.15,243145,10963,348936404.0
2024-04-25,1421.95,1444.5,1420.0,1438.4,265074,12423,380613988.0
2024-04-24,1443.15,1444.45,1427.05,1431.85,368271,12189,528342605.0
2024-04-23,1442.05,1446.8,1433.4,1441.7,216933,5625,312529264.0
2024-04-22,1421.35,1434.9,1413.15,1432.5,437372,16842,621883675.0
2024-04-19,1387.0,1426.75,1379.7,1411.6,864596,48004,1211299075.0
2024-04-18,1422.6,1444.5,1408.0,1420.55,732684,33084,1044190310.0
2024-04-16,1451.0,1454.85,1413.05,1414.75,1097764,63871,1571907078.0
2024-04-15,1471.3,1491.8,1461.0,1468.3,598940,30822,881443936.0
2024-04-12,1509.45,1509.45,1479.4,1485.05,507356,20731,755977562.0
2024-04-10,1501.6,1509.95,1485.0,1506.7,145013,8715,217315089.0
2024-04-09,1488.55,1513.4,1488.0,1494.7,534189,24744,802104048.0
2024-04-08,1488.95,1490.5,1475.0,1477.05,445110,15118,659037592.0
2024-04-05,1482.25,1486.7,1476.05,1479.5,171130,8340,253311627.0
2024-04-04,1490.0,1495.0,1468.2,1486.6,302879,20967,448824846.0
2024-04-03,1481.95,1494.9,1475.0,1480.75,496136,17826,737939133.0
2024-04-02,1489.9,1492.0,1481.1,1483.2,267682,17997,397789281.0
2024-04-01,1521.25,1528.0,1493.0,1495.8,296239,17335,446741417.0
2024-03-28,1487.6,1511.45,1487.6,1498.8,373978,15437,562349934.0
2024-03-27,1495.0,1499.0,1482.0,1484.1,146371,5463,218055580.0
2024-03-26,1497.85,1507.75,1488.0,1492.45,222382,16336,332827730.0
2024-03-22,1517.95,1529.0,1497.65,1508.85,6022096,29452,9105140342.0
2024-03-21,1560.55,1576.45,1544.0,1555.2,128746,4715,200642423.0
2024-03-20,1562.0,1573.85,1552.6,1554.6,129545,7916,202245225.0
2024-03-19,1595.6,1599.0,1558.1,1561.95,233098,9936,367797945.0
2024-03-18,1632.05,1632.65,1599.0,1602.3,168202,9667,271887429.0
2024-03-15,1644.45,1647.0,1618.5,1634.9,309799,10800,505372601.0
2024-03-14,1612.05,1657.0,1607.25,1652.45,254874,17668,418112599.0
2024-03-13,1612.3,1624.85,1598.3,1611.7,240984,16874,388372745.0
2024-03-12,1598.5,1624.95,1598.05,1612.2,180282,6314,291584713.0
2024-03-11,1608.9,1612.25,1588.0,1599.45,201766,11782,323059382.0
2024-03-07,1617.3,1628.45,1605.0,1616.95,172250,8637,278708776.0
2024-03-06,1600.1,1619.95,1576.1,1617.3,257845,11258,408279577.0
2024-03-05,1633.65,1636.6,1602.1,1606.2,314321,19240,506064692.0
2024-03-04,1655.75,1662.25,1633.2,1637.85,291654,11173,478771562.0
2024-03-02,1656.05,1665.0,1653.75,1655.2,26446,1866,43833237.0
2024-03-01,1672.05,1672.5,1652.0,1655.05,324749,17882,539776653.0
2024-02-29,1655.15,1682.0,1653.5,1675.05,79116,3443,131784816.0
2024-02-28,1672.0,1687.5,1662.4,1670.1,193133,9748,323398479.0
2024-02-27,1655.2,1670.95,1653.0,1664.75,99507,4582,165163629.0
2024-02-26,1672.7,1674.5,1645.0,1658.65,144855,9788,239854306.0
2024-02-23,1695.6,1698.6,1672.0,1677.0,221212,10750,371408116.0
2024-02-22,1663.3,1684.35,1644.85,1680.25,184800,11550,306811823.0
2024-02-21,1676.8,1676.8,1645.3,1656.05,177997,8472,295657569.0
2024-02-20,1688.05,1693.45,1668.7,1684.15,114350,4551,192069522.0
2024-02-19,1702.55,1710.95,1687.15,1699.45,147431,9550,250711499.0
2024-02-16,1688.0,1708.95,1681.05,1702.4,490096,20874,832990043.0
2024-02-15,1673.9,1686.75,1662.0,1677.6,236638,7254,396045621.0
2024-02-14,1660.95,1668.8,1635.35,1666.0,358918,17741,590296883.0
2024-02-13,1680.15,1689.0,1663.75,1684.6,44652,2780,74786333.0
2024-02-12,1670.15,1692.5,1670.15,1679.8,269133,13563,453690225.0
2024-02-09,1685.9,1692.0,1659.3,1669.65,304915,18835,508911157.0
2024-02-08,1695.05,1706.2,1682.8,1693.2,95363,4039,161269414.0
2024-02-07,1729.25,1729.25,1686.9,1693.7,197567,8860,335759123.0
2024-02-06,1680.05,1731.0,1673.65,1729.25,202887,10363,347866775.0
2024-02-05,1686.1,1700.5,1681.0,1686.75,148469,11845,251202780.0
2024-02-02,1662.25,1718.6,1662.25,1693.85,592334,25010,1005650620.0
2024-02-01,1660.0,1677.0,1650.15,1656.45,144315,9899,240080471.0
2024-01-31,1645.05,1666.0,1637.95,1662.1,46042,2625,76209566.0
2024-01-30,1655.9,1689.9,1647.95,1650.8,98676,4711,164736610.0
2024-01-29,1665.25,1679.25,1647.05,1655.9,67978,3894,112779780.0
2024-01-25,1668.15,1680.45,1657.65,1670.8,1207422,19923,2016534915.0
2024-01-24,1655.2,1679.8,1644.3,1674.5,1137421,35858,1885937504.0
2024-01-23,1645.15,1675.0,1637.5,1642.2,112596,5584,187242525.0
2024-01-20,1661.5,1668.9,1644.65,1648.75,39649,2166,65579517.0
2024-01-19,1650.0,1665.0,1644.25,1658.95,626392,27020,1037395324.0
2024-01-18,1638.45,1647.0,1628.5,1642.6,179961,7449,294928619.0
2024-01-17,1620.0,1646.95,1620.0,1639.9,113061,5196,185323068.0
2024-01-16,1647.75,1648.0,1625.7,1630.95,103624,4685,169860163.0
2024-01-15,1630.05,1664.9,1630.05,1652.0,314434,12296,518555941.0
2024-01-12,1556.0,1615.8,1554.75,1612.2,3163133,108851,5055757957.0
2024-01-11,1523.0,1525.25,1486.65,1495.0,356019,8601,533327655.0
2024-01-10,1528.85,1536.75,1505.1,1519.65,204905,8370,312008683.0
2024-01-09,1541.0,1552.9,1526.2,1529.15,354870,15342,547618607.0
2024-01-08,1526.8,1535.85,1513.2,1522.95,212973,11904,324549730.0
2024-01-05,1508.6,1539.85,1507.5,1532.9,450788,17487,690103342.0
2024-01-04,1502.9,1519.65,1493.05,1512.2,440786,18369,664801913.0
2024-01-03,1518.35,1524.6,1488.25,1490.2,609176,35554,913841676.0
2024-01-02,1547.35,1548.5,1523.0,1534.95,309575,8309,474630946.0
2024-01-01,1542.0,1557.0,1536.9,1551.25,113496,4763,175539570.0
2023-12-29,1549.95,1555.0,1539.2,1542.85,864756,42122,1335131727.0
2023-12-28,1567.95,1568.95,1555.0,1563.0,84566,4985,132063528.0
2023-12-27,1547.95,1569.95,1545.65,1566.5,323686,18369,505289186.0
2023-12-26,1531.0,1548.0,1522.5,1544.5,239755,9130,368765984.0
2023-12-22,1544.95,1565.9,1523.4,1562.0,610057,24492,945901715.0
2023-12-21,1516.4,1546.0,1516.4,1536.25,196359,5608,301514019.0
2023-12-20,1563.35,1583.35,1529.45,1535.75,144824,6814,226363160.0
2023-12-19,1568.4,1573.0,1543.55,1557.05,135285,6333,210552132.0
2023-12-18,1571.0,1593.0,1560.05,1563.75,387264,19398,608769464.0
2023-12-15,1520.1,1588.5,1520.1,1579.25,843129,26617,1315787736.0
2023-12-14,1465.65,1510.0,1461.25,1501.25,331218,11520,494591614.0
2023-12-13,1477.2,1477.25,1432.65,1448.9,251023,14026,362556636.0
2023-12-12,1475.0,1489.95,1467.5,1476.0,374722,19545,553549169.0
2023-12-11,1490.0,1499.0,1485.1,1488.6,69258,4301,103262536.0
2023-12-08,1472.95,1493.6,1466.35,1490.6,782853,34258,1160854001.0
2023-12-07,1474.1,1474.1,1462.0,1466.15,94902,4133,139137157.0
2023-12-06,1454.05,1477.0,1451.2,1474.1,167359,6342,245259175.0
2023-12-05,1464.35,1466.95,1442.2,1453.7,326852,17693,473649887.0
2023-12-04,1460.0,1471.45,1449.35,1464.45,123075,5008,180020272.0
2023-12-01,1457.65,1460.4,1446.05,1452.25,697935,31387,1012549543.0
2023-11-30,1455.95,1460.8,1449.9,1455.3,198380,6566,289117647.0
2023-11-29,1448.25,1459.95,1448.25,1459.1,239199,11866,348385226.0
2023-11-28,1444.0,1445.35,1427.5,1443.05,49263,2770,70714516.0
2023-11-24,1443.45,1452.6,1433.65,1436.95,365783,17179,526311715.0
2023-11-23,1465.0,1465.95,1448.0,1449.75,155331,6420,226435808.0
2023-11-22,1431.05,1459.0,1431.05,1457.7,228307,11325,330746739.0
2023-11-21,1441.05,1449.0,1436.4,1439.4,38090,2367,54928051.0
2023-11-20,1438.15,1451.8,1433.2,1436.3,138667,9972,199828509.0
2023-11-17,1442.95,1451.0,1434.75,1437.65,261502,13011,376899244.0
2023-11-16,1411.35,1453.35,1410.3,1443.9,629062,23752,906700006.0
2023-11-15,1386.05,1413.1,1386.05,1411.15,306197,13544,429272302.0
2023-11-13,1378.6,1382.85,1370.7,1374.15,134432,7640,184974341.0
2023-11-12,1378.25,1389.5,1378.25,1388.05,27358,2532,37918145.0
2023-11-10,1371.0,1373.2,1361.2,1368.7,477065,25316,651840566.0
2023-11-09,1392.1,1395.25,1370.3,1375.15,568333,22166,785527334.0
2023-11-08,1404.35,1415.05,1386.75,1392.1,340948,13556,477179972.0
2023-11-07,1402.5,1405.85,1395.3,1404.35,101776,8407,142545150.0
2023-11-06,1393.65,1406.35,1390.55,1404.0,298403,12962,417563139.0
2023-11-03,1375.1,1392.0,1375.1,1389.1,691558,31022,959573091.0
2023-11-02,1371.45,1375.8,1361.6,1370.45,301876,14168,413187787.0
2023-11-01,1370.35,1375.65,1352.0,1353.55,314938,12992,427431869.0
2023-10-31,1378.05,1381.8,1362.7,1368.65,128116,11762,175386933.0
2023-10-30,1380.65,1380.65,1362.9,1377.3,100805,9107,138497330.0
2023-10-27,1364.9,1385.55,1364.9,1380.65,375297,16822,518246562.0
2023-10-26,1359.95,1374.45,1353.85,1357.8,659513,26326,898796043.0
2023-10-25,1402.85,1402.85,1362.0,1370.1,315067,35177,434780198.0
2023-10-23,1426.4,1432.0,1405.35,1408.95,75876,4881,107635021.0
2023-10-20,1431.95,1438.3,1424.8,1427.2,583810,24444,835560619.0
2023-10-19,1427.9,1439.6,1421.0,1433.45,1052629,25296,1511345193.0
2023-10-18,1442.85,1453.9,1438.15,1440.75,337880,12511,489570025.0
2023-10-17,1441.0,1453.3,1438.2,1442.7,369838,11710,535020176.0
2023-10-16,1431.0,1443.55,1431.0,1434.45,395607,20715,569393494.0
2023-10-13,1419.95,1437.55,1402.1,1431.8,1134685,47351,1620531181.0
2023-10-12,1490.5,1504.5,1452.0,1464.55,192060,8081,284762693.0
2023-10-11,1497.0,1518.5,1481.6,1493.65,1643200,8047,2459661458.0
2023-10-10,1482.0,1497.0,1469.0,1495.0,131128,4988,195320137.0
2023-10-09,1459.05,1491.0,1459.05,1474.6,167685,10819,248234801.0
2023-10-06,1467.8,1484.2,1463.5,1478.55,500258,26339,738555329.0
2023-10-05,1452.1,1474.95,1452.1,1462.45,341800,15896,500368445.0
2023-10-04,1427.95,1449.0,1418.4,1445.25,233556,8624,334115973.0
2023-10-03,1435.1,1437.75,1420.5,1433.6,117423,5511,168032068.0
2023-09-29,1434.95,1447.0,1416.0,1435.05,277715,22779,397548254.0
2023-09-28,1468.4,1472.35,1435.2,1439.5,187971,17412,272382524.0
2023-09-27,1456.4,1469.4,1450.0,1467.55,262035,9622,383343270.0
2023-09-26,1478.35,1480.0,1458.7,1460.05,218275,13965,319996878.0
2023-09-25,1494.95,1494.95,1471.65,1474.75,438533,13113,649118238.0
2023-09-22,1494.35,1506.7,1485.9,1496.0,411402,21929,617103767.0
2023-09-21,1480.15,1503.95,1476.1,1501.85,99777,6455,148977460.0
2023-09-20,1480.0,1495.0,1477.35,1490.0,213322,7558,317245002.0
2023-09-18,1505.0,1505.0,1485.0,1491.1,244724,15783,365540543.0
2023-09-15,1515.35,1519.3,1509.1,1512.25,106320,5094,160872924.0
2023-09-14,1502.6,1512.75,1499.55,1506.75,72074,4910,108514019.0
2023-09-13,1504.2,1505.35,1488.5,1496.95,96832,4589,145003283.0
2023-09-12,1478.05,1503.6,1477.55,1500.8,412470,7835,616025135.0
2023-09-11,1469.0,1478.1,1464.15,1476.35,252135,14138,371320925.0
2023-09-08,1460.25,1474.8,1460.15,1469.65,357811,15021,525697719.0
2023-09-07,1470.05,1472.7,1462.2,1466.0,60899,3561,89370952.0
2023-09-06,1480.4,1482.45,1463.7,1476.75,76958,4437,113262013.0
2023-09-05,1460.05,1480.0,1456.85,1478.7,127961,8961,188470080.0
2023-09-04,1443.0,1469.0,1435.35,1464.65,218816,6480,317470658.0
2023-09-01,1430.05,1446.6,1427.45,1443.05,673174,31676,970268929.0
2023-08-31,1436.0,1444.9,1429.2,1434.1,178027,7038,256389889.0
2023-08-30,1419.25,1436.4,1419.25,1435.05,354490,14491,507328537.0
2023-08-29,1420.0,1424.4,1415.2,1418.2,245788,9217,349020820.0
2023-08-28,1416.05,1424.0,1411.5,1415.85,258539,12284,366507987.0
2023-08-25,1412.2,1423.15,1411.6,1420.55,1001111,42636,1420107224.0
2023-08-24,1418.65,1425.25,1414.4,1424.5,254317,10135,361428520.0
2023-08-23,1411.2,1415.0,1405.1,1407.7,212370,11895,299237762.0
2023-08-22,1405.1,1406.15,1396.45,1403.8,139490,6676,195422796.0
2023-08-21,1388.8,1406.6,1388.0,1404.9,140397,4525,196479833.0
2023-08-18,1407.25,1409.0,1386.0,1388.75,770205,26502,1071817958.0
2023-08-17,1418.6,1419.95,1406.0,1411.2,63254,3842,89395512.0
2023-08-16,1411.0,1419.95,1405.0,1418.5,595152,41030,842173656.0
2023-08-14,1372.0,1394.5,1365.2,1393.65,324755,17242,449008094.0
2023-08-11,1391.0,1397.0,1367.2,1372.0,287014,17899,395358431.0
2023-08-10,1393.4,1395.75,1385.8,1389.15,145465,7388,202384942.0
2023-08-09,1382.2,1396.0,1382.2,1394.3,672414,22678,934249614.0
2023-08-08,1397.85,1397.85,1384.6,1390.35,201955,9972,280748685.0
2023-08-07,1380.05,1394.0,1376.5,1392.75,364823,18531,505216632.0
2023-08-04,1368.0,1385.95,1362.9,1378.4,804726,27016,1109372172.0
2023-08-03,1350.0,1367.0,1348.1,1365.35,312582,14907,424170506.0
2023-08-02,1367.05,1370.4,1348.3,1356.8,458114,23818,621785665.0
2023-08-01,1358.0,1369.3,1357.1,1365.25,316675,7858,431927318.0
2023-07-31,1342.55,1357.0,1333.8,1355.1,143082,6804,192998768.0
2023-07-28,1350.35,1363.65,1335.55,1340.35,690627,25774,926725984.0
2023-07-27,1353.05,1363.7,1346.85,1352.85,533747,27771,724037709.0
2023-07-26,1341.0,1350.5,1339.2,1348.85,460905,21918,620036247.0
2023-07-25,1332.05,1342.5,1324.25,1334.6,478063,26115,638597713.0
2023-07-24,1335.05,1349.9,1334.15,1337.25,409120,15192,547367553.0
2023-07-21,1321.0,1350.0,1311.6,1330.4,1625437,57031,2165583023.0
2023-07-20,1474.0,1474.0,1440.85,1448.85,223260,11682,323767571.0
2023-07-19,1482.35,1499.0,1460.95,1474.35,270955,11697,400635826.0
2023-07-18,1433.9,1477.65,1429.35,1475.0,418927,18874,610684403.0
2023-07-17,1425.0,1458.8,1414.25,1422.75,287372,12582,412691831.0
2023-07-14,1379.0,1429.7,1379.0,1425.35,1050691,54337,1478690096.0
2023-07-13,1333.0,1376.8,1330.1,1365.3,774481,35306,1056385263.0
2023-07-12,1351.3,1351.3,1326.75,1333.35,297715,20420,397599599.0
2023-07-11,1339.95,1351.0,1327.45,1349.15,354953,7246,477905840.0
2023-07-10,1331.2,1341.5,1319.15,1329.1,292495,16020,389065786.0
2023-07-07,1333.0,1345.95,1325.15,1331.15,607986,29104,810571231.0
2023-07-06,1343.85,1347.25,1337.7,1343.9,165554,7650,222270960.0
2023-07-05,1354.0,1356.0,1341.15,1346.6,155859,6586,210042765.0
2023-07-04,1343.0,1345.7,1331.15,1344.8,100373,5703,134322729.0
2023-07-03,1333.9,1346.05,1328.6,1333.2,141383,7840,188919020.0
2023-06-30,1303.0,1338.85,1303.0,1335.2,1204517,54032,1597911714.0
2023-06-28,1287.05,1296.0,1281.4,1293.65,121067,6765,156258443.0
2023-06-27,1275.05,1282.0,1274.55,1278.95,228817,13343,292626291.0
2023-06-26,1268.05,1273.0,1262.3,1270.4,398560,19941,506262397.0
2023-06-23,1276.0,1279.4,1263.6,1265.65,492481,35627,625840234.0
2023-06-22,1292.75,1292.75,1273.35,1282.6,437586,28926,561507283.0
2023-06-21,1303.5,1304.0,1295.1,1301.4,393192,9858,511476036.0
2023-06-20,1293.2,1304.4,1291.0,1303.15,324674,18584,422058822.0
2023-06-19,1292.65,1299.0,1287.2,1295.25,564145,23180,729622823.0
2023-06-16,1286.75,1301.2,1281.15,1292.65,180335,9031,232049609.0
2023-06-15,1296.0,1296.0,1283.15,1286.75,509499,21656,656322425.0
2023-06-14,1306.0,1307.7,1293.05,1301.45,420646,20131,546125947.0
2023-06-13,1299.9,1306.2,1297.25,1305.35,221825,12818,289188249.0
2023-06-12,1271.1,1295.0,1271.1,1291.9,394369,18912,507969411.0
2023-06-09,1283.1,1283.1,1264.2,1266.0,374044,43112,474585875.0
2023-06-08,1284.0,1292.0,1281.1,1283.1,383695,25129,493999297.0
2023-06-07,1285.1,1293.6,1282.45,1289.0,309195,18796,398240508.0
2023-06-06,1290.0,1290.0,1273.15,1279.1,495003,50057,633155580.0
2023-06-05,1300.05,1309.5,1297.2,1304.95,228481,9438,298415346.0
2023-06-02,1311.15,1311.8,1296.1,1298.65,241015,11215,314171747.0
2023-06-01,1322.1,1329.5,1317.6,1319.45,252433,15543,334062365.0
2023-05-31,1320.0,1331.05,1314.0,1322.1,155750,6818,206441612.0
2023-05-30,1314.0,1326.05,1309.25,1322.9,90073,6643,118738199.0
2023-05-29,1332.1,1332.15,1310.5,1314.3,172080,9536,226334940.0
2023-05-26,1309.0,1323.1,1307.0,1317.3,337747,19613,444818926.0
2023-05-25,1295.0,1307.0,1289.2,1304.5,208293,7546,270046396.0
2023-05-24,1297.0,1305.2,1291.05,1298.45,450684,15173,586595536.0
2023-05-23,1293.3,1313.75,1293.3,1299.6,1076484,31286,1408147224.0
2023-05-22,1270.6,1296.2,1270.6,1293.05,308406,9565,396959801.0
2023-05-19,1252.2,1273.1,1252.2,1268.85,257415,8516,326329409.0
2023-05-18,1256.0,1259.4,1243.0,1245.9,574230,31463,719863148.0
2023-05-17,1264.45,1264.45,1242.35,1247.45,508975,13615,634816140.0
2023-05-16,1265.0,1273.5,1262.5,1264.15,500827,22246,635488725.0
2023-05-15,1249.05,1268.5,1245.55,1258.75,522657,23716,659846757.0
2023-05-12,1256.1,1256.1,1239.0,1245.55,566495,42582,706713044.0
2023-05-11,1270.0,1275.55,1253.35,1256.1,269136,12426,340269351.0
2023-05-10,1275.0,1275.45,1259.8,1263.1,241734,11135,305646749.0
2023-05-09,1267.95,1272.0,1260.4,1270.6,419819,17486,532555979.0
2023-05-08,1260.15,1270.7,1255.05,1266.25,230558,12851,291745566.0
2023-05-05,1276.55,1277.0,1254.05,1259.05,303714,24520,383637936.0
2023-05-04,1271.8,1275.5,1262.35,1273.55,362716,18188,461009863.0
2023-05-03,1269.9,1272.5,1262.2,1269.35,416109,19393,527976836.0
2023-05-02,1254.95,1279.75,1254.95,1277.65,190877,8580,242591908.0
2023-04-28,1255.0,1259.2,1245.1,1252.55,451035,25340,564849149.0
2023-04-27,1228.05,1248.6,1225.3,1246.55,145178,7243,179653410.0
2023-04-26,1227.5,1233.0,1220.75,1227.5,135764,7587,166605465.0
2023-04-25,1226.3,1235.0,1215.45,1224.55,432726,31804,530727109.0
2023-04-24,1230.0,1231.0,1218.05,1226.3,367020,26723,448912256.0
2023-04-21,1227.0,1233.45,1220.0,1227.45,561881,34362,689376720.0
2023-04-20,1232.0,1237.9,1221.85,1223.85,731467,52016,898070181.0
2023-04-19,1257.6,1257.6,1230.0,1232.2,819535,62302,1015441908.0
2023-04-18,1266.3,1274.3,1252.85,1260.95,579446,27224,730675213.0
2023-04-17,1249.75,1300.0,1219.0,1258.1,1697705,69387,2105890962.0
2023-04-13,1413.0,1413.0,1383.6,1388.6,609878,44382,850053027.0
2023-04-12,1412.0,1431.55,1400.0,1428.45,245258,12805,347767197.0
2023-04-11,1430.75,1433.05,1389.0,1407.05,383484,10470,537694109.0
2023-04-10,1422.0,1433.95,1414.2,1427.3,282122,12773,403176404.0
2023-04-06,1423.3,1427.95,1410.5,1422.1,92310,6657,131100143.0
2023-04-05,1396.0,1427.0,1396.0,1423.35,176788,12937,250987703.0
2023-04-03,1431.05,1438.0,1405.35,1410.95,113769,6714,160820954.0
2023-03-31,1408.0,1430.0,1394.0,1427.7,135785,7238,192130171.0
2023-03-29,1377.6,1389.0,1365.0,1383.5,171422,12118,235480514.0
2023-03-28,1391.5,1397.5,1376.0,1377.4,133538,6830,184915463.0
2023-03-27,1384.0,1395.75,1374.05,1388.9,92541,6062,128456132.0
2023-03-24,1386.0,1399.0,1378.0,1380.45,218191,12232,303480903.0
2023-03-23,1383.5,1383.5,1370.4,1374.5,388367,32440,534654739.0
2023-03-22,1402.0,1406.65,1382.2,1389.45,245458,21757,341307567.0
2023-03-21,1403.8,1405.6,1390.05,1391.05,249700,30172,348347949.0
2023-03-20,1418.8,1419.65,1385.7,1403.8,241430,25152,338011623.0
2023-03-17,1429.0,1442.65,1411.6,1420.85,248970,20175,356413380.0
2023-03-16,1413.3,1416.3,1399.2,1406.2,205843,11554,289704932.0
2023-03-15,1435.1,1441.9,1416.9,1419.35,419311,27150,597318306.0
2023-03-14,1439.7,1448.4,1411.2,1421.05,819682,23283,1168503820.0
2023-03-13,1462.0,1478.35,1428.0,1434.8,273179,17793,395323725.0
2023-03-10,1460.0,1474.5,1457.1,1471.35,258683,16951,379472153.0
2023-03-09,1495.2,1498.6,1475.0,1480.75,111080,7477,165022527.0
2023-03-08,1488.0,1494.75,1481.45,1492.5,162872,17536,242377032.0
2023-03-06,1489.9,1520.0,1489.9,1507.55,412843,20515,623661177.0
2023-03-03,1489.0,1489.0,1473.6,1479.8,99630,4883,147452994.0
2023-03-02,1489.95,1489.95,1467.9,1472.1,239355,23212,352920271.0
2023-03-01,1492.0,1501.0,1481.75,1496.65,179213,9566,267825297.0
2023-02-28,1519.4,1523.8,1481.3,1487.3,277427,19456,416631048.0
2023-02-27,1544.95,1544.95,1502.05,1509.4,289455,21716,437392172.0
2023-02-24,1555.05,1569.0,1546.7,1551.45,327566,10112,508587332.0
2023-02-23,1570.0,1570.0,1548.0,1551.5,220637,20041,343573447.0
2023-02-22,1564.0,1575.0,1556.05,1562.55,155848,9137,244358793.0
2023-02-21,1599.0,1601.15,1575.9,1579.25,243750,20092,386815809.0
2023-02-20,1589.0,1602.45,1582.6,1593.25,134312,8429,214161821.0
2023-02-17,1585.0,1595.0,1575.3,1583.45,217686,10562,345726101.0
2023-02-16,1600.1,1613.95,1598.25,1601.95,160476,6359,257831509.0
2023-02-15,1584.0,1599.0,1576.35,1596.85,83405,4052,132595140.0
2023-02-14,1582.05,1595.7,1578.75,1592.65,263839,4832,419744569.0
2023-02-13,1598.0,1598.0,1565.6,1567.4,190795,7472,300105708.0
2023-02-10,1610.05,1616.25,1596.2,1607.95,337838,12236,543557134.0
2023-02-09,1590.0,1620.0,1586.5,1617.7,106748,7387,171439522.0
2023-02-08,1560.05,1602.55,1560.05,1589.7,194871,8555,310604431.0
2023-02-07,1561.05,1576.0,1558.0,1562.35,202811,15997,317841797.0
2023-02-06,1598.0,1598.0,1561.9,1570.5,173063,19960,271853635.0
2023-02-03,1592.25,1604.4,1573.35,1599.15,231674,11074,369177370.0
2023-02-02,1553.7,1586.75,1552.25,1583.3,196746,16889,310385165.0
2023-02-01,1540.0,1555.0,1528.2,1549.45,250270,15500,385459720.0
2023-01-31,1546.0,1547.6,1513.0,1533.15,169268,16145,257820143.0
2023-01-30,1529.0,1543.75,1520.05,1539.1,169179,12072,259524704.0
2023-01-27,1543.0,1550.8,1507.65,1518.25,1405587,11743,2161891673.0
2023-01-25,1540.0,1555.5,1539.0,1542.9,140057,9963,216636036.0
2023-01-24,1558.3,1568.8,1549.35,1552.35,659044,14326,1030473370.0
2023-01-23,1534.0,1552.9,1528.7,1547.8,165777,7795,255744931.0
2023-01-20,1539.0,1544.25,1523.45,1525.45,254460,18625,390134799.0
2023-01-19,1539.8,1549.4,1526.0,1541.3,230673,10768,355441326.0
2023-01-18,1547.0,1551.3,1539.2,1545.05,252897,14299,391196581.0
2023-01-17,1527.0,1542.0,1525.35,1539.75,246785,9565,379011237.0
2023-01-16,1514.0,1528.0,1502.5,1525.25,153469,10298,233109846.0
2023-01-13,1489.95,1519.2,1468.0,1503.5,284508,16063,425828714.0
2023-01-12,1482.0,1485.0,1455.25,1480.55,227373,14892,334503855.0
2023-01-11,1470.0,1494.0,1463.4,1471.45,300306,15477,444262941.0
2023-01-10,1484.4,1484.4,1454.4,1470.4,237178,16113,347114580.0
