release_date,title,content,tick,company_id
6/9/2023,velit eu,ipsum aliquam non mauris morbi non lectus aliquam sit amet diam in magna bibendum imperdiet,227,4
11/6/2024,morbi,primis in faucibus orci luctus et ultrices posuere cubilia curae nulla dapibus dolor vel,377,4
11/21/2023,sed tincidunt,vestibulum ante ipsum primis in faucibus orci luctus et ultrices posuere cubilia curae,339,4
5/3/2024,eu pede,odio cras mi pede malesuada in imperdiet et commodo vulputate,262,4
7/30/2023,convallis,in imperdiet et commodo vulputate justo in blandit ultrices enim lorem ipsum dolor sit amet,496,4
9/27/2024,ut,primis in faucibus orci luctus et ultrices posuere cubilia curae duis faucibus,421,4
7/8/2024,urna,etiam vel augue vestibulum rutrum rutrum neque aenean auctor gravida sem praesent id massa,304,4
10/27/2024,enim,at velit eu est congue elementum in hac habitasse platea dictumst morbi vestibulum velit,494,4
1/5/2023,nisl duis,quisque erat eros viverra eget congue eget semper rutrum nulla nunc purus,667,4
8/20/2024,imperdiet sapien,erat quisque erat eros viverra eget congue eget semper rutrum nulla nunc purus,241,4
9/21/2023,elit proin,etiam pretium iaculis justo in hac habitasse platea dictumst etiam faucibus cursus urna,446,4
2/24/2024,eget,id consequat in consequat ut nulla sed accumsan felis ut at,422,4
3/30/2024,cursus urna,amet nunc viverra dapibus nulla suscipit ligula in lacus curabitur at ipsum,91,4
10/25/2024,interdum,elementum pellentesque quisque porta volutpat erat quisque erat eros viverra eget congue,93,4
10/11/2024,malesuada,elementum in hac habitasse platea dictumst morbi vestibulum velit id pretium,163,4
2/10/2024,consequat,sed vestibulum sit amet cursus id turpis integer aliquet massa id,611,4
3/1/2023,eget,morbi odio odio elementum eu interdum eu tincidunt in leo maecenas pulvinar lobortis est,167,4
7/29/2024,pretium,convallis nunc proin at turpis a pede posuere nonummy integer non velit donec diam,279,4
7/21/2024,et,curae duis faucibus accumsan odio curabitur convallis duis consequat dui nec nisi volutpat eleifend,290,4
10/27/2024,vulputate,mauris enim leo rhoncus sed vestibulum sit amet cursus id,393,4
3/2/2023,sagittis sapien,mauris lacinia sapien quis libero nullam sit amet turpis elementum ligula,360,4
4/29/2024,eu,potenti nullam porttitor lacus at turpis donec posuere metus vitae ipsum,416,4
4/11/2023,leo,dui nec nisi volutpat eleifend donec ut dolor morbi vel,3,4
2/26/2024,urna ut,ac est lacinia nisi venenatis tristique fusce congue diam id ornare,22,4
5/28/2023,nisl venenatis,quis tortor id nulla ultrices aliquet maecenas leo odio condimentum id luctus,105,4
3/15/2024,et,pretium iaculis diam erat fermentum justo nec condimentum neque sapien placerat ante nulla justo aliquam,472,4
2/5/2023,lacus morbi,risus auctor sed tristique in tempus sit amet sem fusce,705,4
10/8/2023,enim sit,est et tempus semper est quam pharetra magna ac consequat metus sapien ut,410,4
6/1/2023,nunc,elit sodales scelerisque mauris sit amet eros suspendisse accumsan tortor quis turpis sed ante vivamus,385,4
4/21/2024,commodo,odio curabitur convallis duis consequat dui nec nisi volutpat eleifend donec ut dolor morbi,235,4
10/14/2023,diam id,pretium iaculis diam erat fermentum justo nec condimentum neque sapien placerat,383,4
4/14/2023,quis,eget rutrum at lorem integer tincidunt ante vel ipsum praesent blandit lacinia,566,4
6/4/2023,pellentesque,vehicula consequat morbi a ipsum integer a nibh in quis justo maecenas rhoncus aliquam,682,4
2/8/2024,donec,ut mauris eget massa tempor convallis nulla neque libero convallis eget eleifend luctus ultricies,298,4
7/25/2024,et,eleifend donec ut dolor morbi vel lectus in quam fringilla rhoncus mauris enim leo rhoncus,744,4
9/28/2024,eget,molestie lorem quisque ut erat curabitur gravida nisi at nibh in hac habitasse platea dictumst,699,4
11/6/2023,est,neque aenean auctor gravida sem praesent id massa id nisl venenatis lacinia,235,4
12/3/2024,blandit nam,gravida nisi at nibh in hac habitasse platea dictumst aliquam augue quam sollicitudin vitae consectetuer,522,4
6/28/2023,vel,a nibh in quis justo maecenas rhoncus aliquam lacus morbi quis tortor id nulla,676,4
1/19/2024,magna,pede justo lacinia eget tincidunt eget tempus vel pede morbi,500,4
8/3/2023,congue diam,commodo placerat praesent blandit nam nulla integer pede justo lacinia,187,4
2/2/2024,suscipit,in tempus sit amet sem fusce consequat nulla nisl nunc nisl duis,336,4
1/25/2023,ultricies eu,diam id ornare imperdiet sapien urna pretium nisl ut volutpat sapien,652,4
3/22/2024,ipsum,fusce lacus purus aliquet at feugiat non pretium quis lectus,350,4
11/7/2023,integer pede,cubilia curae duis faucibus accumsan odio curabitur convallis duis consequat dui nec nisi,528,4
10/28/2024,lacinia eget,dui vel nisl duis ac nibh fusce lacus purus aliquet,323,4
10/26/2023,eros elementum,non quam nec dui luctus rutrum nulla tellus in sagittis,147,4
1/9/2024,eget massa,mauris viverra diam vitae quam suspendisse potenti nullam porttitor lacus,550,4
2/11/2024,nisl venenatis,tempus vivamus in felis eu sapien cursus vestibulum proin eu mi,399,4
4/11/2023,amet turpis,sapien ut nunc vestibulum ante ipsum primis in faucibus orci luctus et ultrices posuere,109,4
7/20/2024,augue,aliquet pulvinar sed nisl nunc rhoncus dui vel sem sed sagittis,573,4
2/7/2025,orci,mauris morbi non lectus aliquam sit amet diam in magna,508,4
2/3/2025,vivamus,porta volutpat erat quisque erat eros viverra eget congue eget semper rutrum nulla nunc purus,281,4
5/20/2023,odio condimentum,consequat nulla nisl nunc nisl duis bibendum felis sed interdum venenatis turpis,388,4
4/13/2024,vel nulla,diam id ornare imperdiet sapien urna pretium nisl ut volutpat,226,4
7/18/2024,congue vivamus,adipiscing molestie hendrerit at vulputate vitae nisl aenean lectus pellentesque eget nunc donec quis,665,4
11/14/2023,adipiscing elit,non pretium quis lectus suspendisse potenti in eleifend quam a odio in,697,4
2/22/2024,pellentesque viverra,pede ac diam cras pellentesque volutpat dui maecenas tristique est et tempus semper est quam,119,4
4/13/2024,platea dictumst,sit amet eros suspendisse accumsan tortor quis turpis sed ante vivamus tortor duis,454,4
2/3/2025,ut,faucibus orci luctus et ultrices posuere cubilia curae duis faucibus accumsan,480,4
1/25/2023,faucibus accumsan,donec pharetra magna vestibulum aliquet ultrices erat tortor sollicitudin mi sit amet lobortis sapien,289,4
5/26/2023,cubilia curae,in purus eu magna vulputate luctus cum sociis natoque penatibus et,484,4
12/3/2024,in faucibus,non mi integer ac neque duis bibendum morbi non quam,479,4
11/26/2023,diam nam,in sapien iaculis congue vivamus metus arcu adipiscing molestie hendrerit,146,4
6/9/2024,vestibulum,ultrices posuere cubilia curae duis faucibus accumsan odio curabitur convallis duis,622,4
9/11/2024,lacus,mattis pulvinar nulla pede ullamcorper augue a suscipit nulla elit ac nulla sed vel enim,679,4
12/5/2023,enim,sapien varius ut blandit non interdum in ante vestibulum ante ipsum,342,4
5/20/2024,faucibus orci,in felis eu sapien cursus vestibulum proin eu mi nulla ac enim in tempor turpis,721,4
11/30/2023,interdum,non quam nec dui luctus rutrum nulla tellus in sagittis dui vel nisl,447,4
9/3/2024,ante,lorem vitae mattis nibh ligula nec sem duis aliquam convallis nunc proin,634,4
12/5/2024,eu,aliquam non mauris morbi non lectus aliquam sit amet diam in magna,287,4
6/22/2024,imperdiet sapien,rutrum nulla tellus in sagittis dui vel nisl duis ac nibh,514,4
2/26/2023,in,nullam molestie nibh in lectus pellentesque at nulla suspendisse potenti cras,137,4
10/31/2023,consequat,aliquam convallis nunc proin at turpis a pede posuere nonummy integer non velit,692,4
11/18/2023,sapien ut,blandit non interdum in ante vestibulum ante ipsum primis in,738,4
6/4/2023,iaculis justo,ultrices posuere cubilia curae nulla dapibus dolor vel est donec odio justo sollicitudin ut,450,4
10/28/2024,pede,nec euismod scelerisque quam turpis adipiscing lorem vitae mattis nibh ligula nec sem,174,4
9/4/2023,congue vivamus,pellentesque viverra pede ac diam cras pellentesque volutpat dui maecenas,484,4
8/20/2023,cursus,donec semper sapien a libero nam dui proin leo odio porttitor id consequat in consequat,517,4
4/12/2024,semper rutrum,erat nulla tempus vivamus in felis eu sapien cursus vestibulum proin eu,483,4
5/22/2023,mauris lacinia,vivamus vel nulla eget eros elementum pellentesque quisque porta volutpat,101,4
2/27/2024,sollicitudin,vivamus vestibulum sagittis sapien cum sociis natoque penatibus et magnis,80,4
1/3/2024,praesent,vehicula consequat morbi a ipsum integer a nibh in quis justo maecenas rhoncus aliquam,160,4
12/7/2024,habitasse,orci vehicula condimentum curabitur in libero ut massa volutpat convallis,356,4
1/2/2025,semper,vel pede morbi porttitor lorem id ligula suspendisse ornare consequat lectus in est risus,186,4
12/7/2024,porttitor,primis in faucibus orci luctus et ultrices posuere cubilia curae,339,4
11/12/2023,in faucibus,lacinia sapien quis libero nullam sit amet turpis elementum ligula vehicula consequat morbi,65,4
7/20/2023,tristique fusce,suscipit a feugiat et eros vestibulum ac est lacinia nisi venenatis tristique fusce congue diam,46,4
7/14/2024,in ante,pede posuere nonummy integer non velit donec diam neque vestibulum eget vulputate ut ultrices vel,521,4
6/4/2023,donec,lobortis sapien sapien non mi integer ac neque duis bibendum morbi non,431,4
7/23/2023,viverra,orci vehicula condimentum curabitur in libero ut massa volutpat convallis morbi,186,4
6/24/2024,rhoncus,mus vivamus vestibulum sagittis sapien cum sociis natoque penatibus et magnis dis parturient montes nascetur,598,4
3/14/2024,pede ullamcorper,eu mi nulla ac enim in tempor turpis nec euismod scelerisque quam turpis adipiscing lorem,568,4
6/9/2023,ligula in,non quam nec dui luctus rutrum nulla tellus in sagittis dui vel nisl,452,4
12/12/2023,dis,blandit non interdum in ante vestibulum ante ipsum primis in,333,4
5/3/2024,rhoncus,odio cras mi pede malesuada in imperdiet et commodo vulputate justo in,431,4
11/10/2023,vel,quis libero nullam sit amet turpis elementum ligula vehicula consequat morbi,424,4
6/19/2023,in,dictumst aliquam augue quam sollicitudin vitae consectetuer eget rutrum at lorem,155,4
11/12/2024,arcu,velit id pretium iaculis diam erat fermentum justo nec condimentum neque sapien,688,4
11/23/2024,ante,nonummy maecenas tincidunt lacus at velit vivamus vel nulla eget,637,4
