Date,Open Price,High Price,Low Price,Close Price,WAP,No.of Shares,No. of Trades,Total Turnover (Rs.),Deliverable Quantity,% Deli. Qty to Traded Qty,Spread High-Low,Spread Close-Open
30-December-2022,1021.15,1027.60,1014.80,1016.50,1021.790825096691018478,130312,5835,133151606.00,79093,60.70,12.80,-4.65
29-December-2022,1011.50,1015.30,1007.35,1013.60,1011.698287894296082627,21494,1660,21745443.00,8440,39.27,7.95,2.10
28-December-2022,1008.00,1019.15,1002.40,1016.10,1013.128408461200389811,52333,3129,53020049.00,26614,50.86,16.75,8.10
27-December-2022,1009.15,1012.50,993.30,1010.10,1004.025780501437240498,100192,6583,100595351.00,46811,46.72,19.20,0.95
26-December-2022,995.90,1006.60,993.05,1001.40,1002.066422063064404760,73861,6501,74013628.00,33658,45.57,13.55,5.50
23-December-2022,1007.65,1015.00,993.00,995.85,1004.420370677238021185,156902,6387,157595565.00,127968,81.56,22.00,-11.80
22-December-2022,1030.55,1034.80,1012.05,1015.35,1018.052706858996531705,106969,4220,108900080.00,68708,64.23,22.75,-15.20
21-December-2022,1028.05,1031.00,1020.40,1025.90,1026.144845873384156446,93527,6463,95972249.00,55881,59.75,10.60,-2.15
20-December-2022,1025.00,1025.00,1004.00,1018.25,1012.842473889002662297,73245,3856,74185647.00,40359,55.10,21.00,-6.75
19-December-2022,1020.00,1028.00,1008.95,1026.35,1021.885076532484113822,68141,5318,69632271.00,29873,43.84,19.05,6.35
16-December-2022,1015.00,1033.70,1011.00,1020.85,1025.436057398441820527,103069,7696,105690669.00,68389,66.35,22.70,5.85
15-December-2022,1064.45,1064.45,1020.35,1022.70,1034.873739448249268607,119293,6461,123453193.00,59705,50.05,44.10,-41.75
14-December-2022,1047.20,1067.75,1047.20,1065.05,1062.185020823810249377,157512,7748,167306887.00,90309,57.33,20.55,17.85
13-December-2022,1044.95,1047.60,1030.40,1045.80,1039.259969768787205852,53587,2429,55690824.00,24158,45.08,17.20,0.85
12-December-2022,1035.95,1044.15,1022.40,1032.00,1034.289809778739641768,140468,9089,145284621.00,77139,54.92,21.75,-3.95
9-December-2022,1071.50,1074.80,1030.50,1035.50,1044.005856464635963544,144285,9466,150634385.00,101740,70.51,44.30,-36.00
8-December-2022,1080.00,1080.80,1070.50,1073.90,1075.282416156280594704,43921,3805,47227479.00,19615,44.66,10.30,-6.10
7-December-2022,1087.50,1087.50,1074.75,1079.45,1080.086958248917490962,125865,4474,135945145.00,97496,77.46,12.75,-8.05
6-December-2022,1085.55,1094.80,1080.60,1088.70,1087.547893064459988996,89063,2492,96860278.00,60188,67.58,14.20,3.15
5-December-2022,1115.05,1120.05,1096.50,1099.70,1105.130370495147720785,106857,4740,118090916.00,61774,57.81,23.55,-15.35
2-December-2022,1101.00,1116.00,1100.05,1114.55,1109.566406027774792826,158201,8220,175534515.00,83756,52.94,15.95,13.55
1-December-2022,1087.00,1107.80,1087.00,1101.80,1101.751197045211819152,224720,11618,247585529.00,131686,58.60,20.80,14.80
30-November-2022,1075.50,1080.90,1063.00,1077.30,1071.368695175438596491,102144,5106,109433884.00,47543,46.54,17.90,1.80
29-November-2022,1077.20,1085.40,1072.30,1075.25,1080.566211173549052991,113357,6215,122489744.00,51913,45.80,13.10,-1.95
28-November-2022,1075.00,1091.00,1071.20,1077.35,1088.005258164789471559,198168,6774,215607826.00,155841,78.64,19.80,2.35
25-November-2022,1069.15,1082.95,1061.00,1079.90,1072.963527478704544471,46254,2642,49628855.00,17080,36.93,21.95,10.75
24-November-2022,1047.10,1070.40,1045.70,1069.15,1057.363815281086998518,248464,9477,262716843.00,145001,58.36,24.70,22.05
23-November-2022,1058.00,1058.85,1041.85,1044.15,1050.815287175209318132,161835,6341,170058692.00,127683,78.90,17.00,-13.85
22-November-2022,1040.00,1052.70,1036.10,1051.10,1044.171825197114578090,23844,1326,24897233.00,9199,38.58,16.60,11.10
21-November-2022,1059.20,1059.20,1038.00,1042.30,1048.792055915444936924,146650,6225,153805355.00,107854,73.55,21.20,-16.90
18-November-2022,1059.00,1066.00,1045.85,1061.20,1054.269591631175299594,252174,9309,265859380.00,199017,78.92,20.15,2.20
17-November-2022,1058.00,1060.90,1047.60,1058.75,1057.051649502751274673,158472,6956,167513089.00,117281,74.01,13.30,0.75
16-November-2022,1062.20,1074.95,1059.20,1067.25,1069.371205317046883420,44536,2593,47625516.00,12542,28.16,15.75,5.05
15-November-2022,1062.05,1070.55,1050.10,1066.70,1056.856163513407864905,204656,6036,216291955.00,97654,47.72,20.45,4.65
14-November-2022,1059.15,1074.00,1055.50,1065.85,1066.895086617686901365,62747,2991,66944466.00,26056,41.53,18.50,6.70
11-November-2022,1045.20,1065.50,1045.00,1058.60,1056.030176956178097830,364384,11371,384800500.00,267153,73.32,20.50,13.40
10-November-2022,1019.95,1033.50,1005.60,1021.45,1021.336939875565409884,281433,13065,287437919.00,188108,66.84,27.90,1.50
9-November-2022,1045.00,1049.65,1025.10,1029.10,1035.422667017720591602,349424,12881,361801530.00,278485,79.70,24.55,-15.90
7-November-2022,1053.90,1066.80,1044.50,1053.55,1051.948926712922810060,276720,10834,291095307.00,201797,72.92,22.30,-0.35
4-November-2022,1053.00,1058.45,1039.05,1053.70,1045.377890503610273283,65646,3806,68624877.00,22730,34.63,19.40,0.70
3-November-2022,1073.70,1073.70,1050.05,1052.95,1057.168224987568221304,162889,5475,172201075.00,117018,71.84,23.65,-20.75
2-November-2022,1072.95,1098.45,1066.25,1081.70,1081.966775144490347939,189286,8491,204801163.00,65922,34.83,32.20,8.75
1-November-2022,1066.00,1079.90,1047.55,1071.65,1063.957438879285185102,222715,9134,236959281.00,104788,47.05,32.35,5.65
31-October-2022,1050.00,1078.00,1050.00,1063.50,1062.460358503092351235,143095,4937,152032765.00,89112,62.27,28.00,13.50
28-October-2022,1077.40,1080.00,1045.50,1047.95,1059.082011487694472973,52578,2572,55684414.00,19010,36.16,34.50,-29.45
27-October-2022,1090.00,1098.45,1067.15,1075.15,1080.626887045215173968,108238,6731,116964893.00,56249,51.97,31.30,-14.85
25-October-2022,1051.00,1085.50,1050.40,1082.55,1074.028483575052529083,97565,4796,104787589.00,34627,35.49,35.10,31.55
24-October-2022,1049.80,1051.55,1045.00,1048.05,1047.686366981980754027,36683,2906,38432279.00,24721,67.39,6.55,-1.75
21-October-2022,1037.40,1044.60,1031.15,1041.25,1037.990474348435762293,20681,1522,21466681.00,4381,21.18,13.45,3.85
20-October-2022,1011.90,1043.15,1007.70,1041.00,1030.350054338500257392,87415,5486,90068050.00,42408,48.51,35.45,29.10
19-October-2022,1020.55,1029.70,1016.50,1019.20,1023.048378795676788471,46632,3687,47706792.00,20284,43.50,13.20,-1.35
18-October-2022,1032.95,1033.95,1014.00,1019.60,1022.953790914294634958,38434,2207,39316206.00,16155,42.03,19.95,-13.35
17-October-2022,1018.95,1027.50,1007.55,1022.95,1020.038315358532210364,849059,3209,866072712.00,819894,96.56,19.95,4.00
14-October-2022,1034.00,1050.00,1016.55,1019.60,1036.114148681055155875,131355,4722,136098774.00,61405,46.75,33.45,-14.40
13-October-2022,1015.05,1020.80,1003.60,1012.80,1010.056760069312370567,118305,4055,119494765.00,71866,60.75,17.20,-2.25
12-October-2022,1005.05,1018.65,998.65,1016.05,1009.385936739659367396,123300,5968,124457286.00,77596,62.93,20.00,11.00
11-October-2022,1035.00,1035.80,1001.00,1005.05,1027.262387887347919000,869438,8010,893140956.00,827670,95.20,34.80,-29.95
10-October-2022,1009.00,1033.00,1004.10,1029.95,1018.470848345040304813,192905,9034,196468119.00,130669,67.74,28.90,20.95
7-October-2022,1031.35,1036.00,1022.00,1023.85,1026.942381286549707602,106875,3920,109754467.00,77321,72.35,14.00,-7.50
6-October-2022,1032.00,1045.00,1027.95,1031.35,1035.412814475807518319,189005,9708,195698199.00,144352,76.37,17.05,-0.65
4-October-2022,1020.00,1035.95,1017.25,1028.30,1026.871269864992776366,40146,2852,41224774.00,16275,40.54,18.70,8.30
3-October-2022,1010.00,1018.55,999.95,1006.10,1013.958636609898004852,169812,7388,172182344.00,130471,76.83,18.60,-3.90
30-September-2022,1007.20,1018.60,985.00,1008.20,999.463466718435293261,164836,12773,164747560.00,61328,37.21,33.60,1.00
29-September-2022,1039.20,1043.60,1002.00,1010.50,1017.477391577110986022,232723,9255,236790391.00,172361,74.06,41.60,-28.70
28-September-2022,1018.80,1036.35,1009.00,1029.60,1023.443519168542771147,123927,6837,126832285.00,36209,29.22,27.35,10.80
27-September-2022,1037.30,1045.00,1019.20,1022.50,1030.505231484647473158,102361,8663,105483546.00,30861,30.15,25.80,-14.80
26-September-2022,1025.30,1052.00,1013.05,1033.70,1034.179829380994803781,288479,14696,298339163.00,177335,61.47,38.95,8.40
23-September-2022,1044.95,1049.60,1022.20,1035.10,1036.489607086764232343,152171,10698,157723660.00,63357,41.64,27.40,-9.85
22-September-2022,1052.00,1071.20,1042.55,1048.80,1061.309481742467816859,387703,8397,411472870.00,314690,81.17,28.65,-3.20
21-September-2022,1045.00,1067.15,1045.00,1060.05,1060.280238219679256182,145412,3186,154177470.00,92628,63.70,22.15,15.05
20-September-2022,1050.55,1065.10,1050.10,1055.60,1058.422112170360282283,80770,5405,85488754.00,35010,43.35,15.00,5.05
19-September-2022,1035.00,1051.45,1022.95,1039.50,1035.422411079173981863,682939,8891,707130346.00,590053,86.40,28.50,4.50
16-September-2022,1058.00,1074.90,1028.00,1034.30,1047.042548304883831199,134976,7848,141325615.00,59907,44.38,46.90,-23.70
15-September-2022,1115.80,1135.00,1078.00,1082.45,1091.689215451497623696,217144,13187,237053763.00,133603,61.53,57.00,-33.35
14-September-2022,1102.00,1121.10,1096.00,1117.45,1112.220852891760345036,230932,9105,256847386.00,133171,57.67,25.10,15.45
13-September-2022,1158.95,1164.00,1143.20,1147.35,1152.212194416135079706,79479,6820,91576673.00,28753,36.18,20.80,-11.60
12-September-2022,1139.95,1165.75,1139.00,1149.65,1155.647265077138849929,245272,12946,283447916.00,82453,33.62,26.75,9.70
9-September-2022,1096.00,1131.95,1085.90,1126.55,1110.324625196551537168,295088,14136,327643473.00,148310,50.26,46.05,30.55
8-September-2022,1070.00,1092.50,1069.00,1090.35,1082.654519989188392264,406970,10341,440607910.00,274964,67.56,23.50,20.35
7-September-2022,1046.35,1061.00,1044.05,1056.25,1052.037552733272064929,180626,8854,190025335.00,102760,56.89,16.95,9.90
6-September-2022,1065.00,1070.95,1050.60,1063.80,1063.030339510520856012,156166,6645,166009196.00,96833,62.01,20.35,-1.20
5-September-2022,1059.40,1070.85,1055.15,1065.25,1063.746785456606885178,155232,7705,165127541.00,82846,53.37,15.70,5.85
2-September-2022,1054.15,1066.40,1047.05,1056.45,1057.211014435217961866,90681,6724,95868952.00,38065,41.98,19.35,2.30
1-September-2022,1056.00,1065.00,1043.40,1053.50,1052.542335150877082711,190917,12192,200948225.00,105502,55.26,21.60,-2.50
30-August-2022,1047.00,1080.40,1044.10,1076.70,1066.086297846368471531,183504,8856,195631100.00,106710,58.15,36.30,29.70
29-August-2022,1029.00,1049.50,1017.35,1035.70,1031.286908061444863305,336627,17942,347159018.00,134231,39.88,32.15,6.70
26-August-2022,1075.05,1097.55,1075.05,1085.65,1089.913730175616622203,122198,6677,133185278.00,64965,53.16,22.50,10.60
25-August-2022,1075.00,1089.55,1065.55,1070.60,1075.970948336871903750,113040,7564,121627756.00,41844,37.02,24.00,-4.40
24-August-2022,1074.85,1074.85,1055.15,1070.95,1067.268565738660064319,297268,12263,317264792.00,238265,80.15,19.70,-3.90
23-August-2022,1063.70,1070.00,1046.70,1066.45,1063.313560620064964216,189335,7456,201322473.00,120969,63.89,23.30,2.75
22-August-2022,1091.00,1098.05,1076.00,1078.55,1087.544800926271756181,53548,3512,58235849.00,19380,36.19,22.05,-12.45
19-August-2022,1105.30,1134.70,1099.60,1103.60,1119.307907823772501225,285540,13470,319607180.00,108432,37.97,35.10,-1.70
18-August-2022,1102.95,1109.00,1088.05,1105.25,1098.756142906428489285,52174,3217,57326503.00,17525,33.59,20.95,2.30
17-August-2022,1073.00,1106.70,1072.50,1104.25,1097.479901128965230641,231008,11347,253526637.00,111665,48.34,34.20,31.25
16-August-2022,1076.00,1079.45,1056.45,1077.85,1071.879645381574218282,125205,7558,134204691.00,54007,43.13,23.00,1.85
12-August-2022,1073.95,1075.45,1062.00,1066.20,1067.946354683879510095,48336,2490,51620255.00,18619,38.52,13.45,-7.75
11-August-2022,1066.05,1093.50,1066.05,1077.15,1082.486598382899369581,287428,5453,311136958.00,135382,47.10,27.45,11.10
10-August-2022,1057.95,1059.00,1043.05,1054.80,1052.930095703213868624,65933,3137,69422840.00,17124,25.97,15.95,-3.15
8-August-2022,1059.90,1064.95,1049.30,1056.85,1057.736725102864608724,153843,7107,162725391.00,91837,59.70,15.65,-3.05
5-August-2022,1063.00,1067.55,1050.80,1058.45,1059.232304767475870137,54704,3494,57944244.00,21288,38.91,16.75,-4.55
4-August-2022,1057.05,1072.75,1036.10,1055.60,1056.653249188853349287,173828,11985,183675921.00,64964,37.37,36.65,-1.45
3-August-2022,1030.00,1056.00,1024.55,1052.85,1044.355100964075015588,83396,5689,87095038.00,35066,42.05,31.45,22.85
2-August-2022,1045.00,1048.40,1030.00,1032.50,1035.574900895710738927,72903,4008,75496517.00,24907,34.16,18.40,-12.50
1-August-2022,1060.00,1060.00,1038.00,1049.60,1048.633573906835745310,881089,7362,923939507.00,837997,95.11,22.00,-10.40
29-July-2022,1052.15,1067.80,1043.95,1048.90,1055.224610016652883667,176546,11145,186295684.00,73822,41.81,23.85,-3.25
28-July-2022,1020.00,1043.00,1015.30,1038.00,1029.455094075711771872,88652,4855,91263253.00,38692,43.64,27.70,18.00
27-July-2022,999.50,1009.95,992.00,1007.35,1002.461360528831820378,97271,4972,97510419.00,33192,34.12,17.95,7.85
26-July-2022,1024.00,1036.40,994.40,999.50,1011.064986990156079233,257113,7572,259957952.00,157488,61.25,42.00,-24.50
25-July-2022,1034.70,1034.70,1008.25,1016.55,1016.987255775472538662,188556,8440,191759049.00,137789,73.08,26.45,-18.15
22-July-2022,1040.45,1044.25,1014.00,1028.35,1027.214982782145409654,76955,3511,79049329.00,21238,27.60,30.25,-12.10
21-July-2022,1020.00,1035.50,1010.85,1032.45,1026.522295662117336251,202887,8100,208268029.00,45139,22.25,24.65,12.45
20-July-2022,1019.00,1051.00,1018.20,1046.30,1039.503977987621214239,157366,5559,163582583.00,42701,27.13,32.80,27.30
19-July-2022,1002.00,1010.75,995.00,1007.60,1003.499046967907680195,193068,8412,193743554.00,126958,65.76,15.75,5.60
18-July-2022,980.00,1021.95,980.00,1008.70,985.722167342878920977,1170244,9536,1153535452.00,933126,79.74,41.95,28.70
15-July-2022,978.00,987.95,965.00,974.25,973.207898616142339645,87509,3171,85164450.00,59208,67.66,22.95,-3.75
14-July-2022,995.00,998.00,968.55,975.75,983.615053255159689236,131161,8831,129011934.00,88473,67.45,29.45,-19.25
13-July-2022,1007.50,1007.50,987.40,990.05,993.951607406565943428,70424,5580,69998048.00,35440,50.32,20.10,-17.45
12-July-2022,1004.80,1016.70,994.75,997.70,1005.708635025675182089,93086,4198,93617394.00,62941,67.62,21.95,-7.10
11-July-2022,1017.90,1017.90,988.20,1007.50,1002.002573073434405138,54021,3111,54129181.00,19304,35.73,29.70,-10.40
8-July-2022,1029.00,1034.35,1015.00,1026.25,1027.636451941912609885,123538,6095,126952152.00,60147,48.69,19.35,-2.75
7-July-2022,1021.00,1026.90,1016.00,1020.90,1020.483263428859447004,222208,5310,226759545.00,173763,78.20,10.90,-0.10
6-July-2022,1005.60,1014.65,1002.05,1010.50,1009.149905711206896551,74240,4210,74919289.00,28638,38.57,12.60,4.90
5-July-2022,1004.00,1021.60,999.25,1003.20,1012.481920464849460574,108078,5455,109427021.00,48518,44.89,22.35,-0.80
4-July-2022,1011.00,1014.30,995.10,1000.35,1001.708082675180641908,29755,2055,29805824.00,12223,41.08,19.20,-10.65
1-July-2022,999.70,1013.85,989.50,1010.60,1002.117084748715268704,45924,2511,46021225.00,11525,25.10,24.35,10.90
30-June-2022,1017.00,1025.75,997.00,999.70,1009.171710901755053412,99883,4660,100799098.00,35052,35.09,28.75,-17.30
29-June-2022,1004.00,1027.20,1003.85,1021.00,1016.478002409961172847,112035,5253,113881113.00,25223,22.51,23.35,17.00
28-June-2022,1003.00,1028.00,984.30,1021.20,1001.905234481416618019,66807,3099,66934283.00,20921,31.32,43.70,18.20
27-June-2022,998.00,1024.40,997.00,1007.15,1013.447751055469092597,116299,4752,117862960.00,35581,30.59,27.40,9.15
24-June-2022,1000.00,1000.00,974.25,980.95,983.407803497580462331,127917,8272,125794576.00,56530,44.19,25.75,-19.05
23-June-2022,978.25,998.65,971.40,991.15,989.031923395800811156,133883,6520,132414561.00,43063,32.16,27.25,12.90
22-June-2022,997.00,997.00,967.80,980.30,981.140164170349508691,274471,22052,269294522.00,148749,54.19,29.20,-16.70
21-June-2022,994.95,1004.20,980.45,1000.10,993.484517439032128429,94558,4974,93941909.00,30299,32.04,23.75,5.15
20-June-2022,965.05,988.65,948.20,979.20,965.902618725507008885,157443,11639,152074606.00,46986,29.84,40.45,14.15
17-June-2022,972.00,973.90,944.10,965.05,959.033019273933511219,302066,18871,289691268.00,135692,44.92,29.80,-6.95
16-June-2022,1026.30,1033.50,971.15,975.50,996.104785632800070203,262097,20394,261076076.00,102317,39.04,62.35,-50.80
15-June-2022,1034.30,1037.85,1018.00,1020.05,1025.366257815918361585,141698,7381,145292348.00,81654,57.63,19.85,-14.25
14-June-2022,1036.45,1056.25,1020.50,1030.45,1037.325832164110503652,165352,11956,171523901.00,60154,36.38,35.75,-6.00
13-June-2022,1086.00,1086.00,1050.05,1052.35,1064.054053671716957376,141378,13367,150433834.00,75067,53.10,35.95,-33.65
10-June-2022,1121.70,1121.85,1100.70,1110.25,1110.466531745959231408,218894,8579,243074461.00,44695,20.42,21.15,-11.45
9-June-2022,1120.00,1141.80,1111.75,1138.80,1126.820434769240229991,32523,2443,36647581.00,7948,24.44,30.05,18.80
8-June-2022,1132.30,1138.85,1119.60,1124.05,1128.386745849642326899,74090,4667,83602174.00,20359,27.48,19.25,-8.25
7-June-2022,1135.00,1139.50,1121.00,1130.50,1130.220892379828870936,133934,7693,151375005.00,37827,28.24,18.50,-4.50
6-June-2022,1146.80,1148.70,1111.50,1145.20,1129.968942934400350114,127958,8300,144588566.00,37859,29.59,37.20,-1.60
3-June-2022,1159.10,1181.95,1143.85,1147.90,1163.456487326182484580,152243,8342,177128106.00,44258,29.07,38.10,-11.20
2-June-2022,1140.00,1154.05,1132.00,1146.15,1144.236929830578228959,72895,4737,83409151.00,24135,33.11,22.05,6.15
1-June-2022,1189.00,1196.65,1143.20,1147.05,1162.429771410401356698,113216,7401,131605649.00,41477,36.64,53.45,-41.95
31-May-2022,1161.50,1191.65,1149.40,1180.85,1173.689123831899334328,94491,4174,110903059.00,25714,27.21,42.25,19.35
30-May-2022,1149.00,1170.00,1137.35,1163.90,1158.085679636351300926,117916,7225,136556831.00,44242,37.52,32.65,14.90
27-May-2022,1094.95,1126.00,1092.00,1123.55,1114.495492210568460488,139869,7768,155883370.00,49291,35.24,34.00,28.60
26-May-2022,1065.00,1089.55,1056.05,1079.25,1070.939094618816978757,78663,4224,84243282.00,17151,21.80,33.50,14.25
25-May-2022,1094.00,1094.00,1045.10,1059.25,1064.434787031668039999,98301,6354,104635004.00,32342,32.90,48.90,-34.75
24-May-2022,1145.00,1151.45,1091.30,1098.05,1117.883812700194828781,60566,4445,67705751.00,23454,38.72,60.15,-46.95
23-May-2022,1132.10,1147.90,1116.05,1142.80,1135.474531403948196246,84241,6031,95653510.00,31748,37.69,31.85,10.70
20-May-2022,1147.75,1147.75,1114.20,1131.60,1126.964360185946855929,52273,3049,58909808.00,15038,28.77,33.55,-16.15
19-May-2022,1154.40,1154.40,1100.10,1108.10,1116.850140568981971060,193855,18238,216506984.00,88627,45.72,54.30,-46.30
18-May-2022,1210.00,1230.65,1169.50,1172.45,1197.715493311167918698,127526,6589,152739866.00,31453,24.66,61.15,-37.55
17-May-2022,1197.00,1209.55,1183.20,1198.15,1192.475872826713559757,206427,3390,246159217.00,158402,76.74,26.35,1.15
16-May-2022,1197.00,1220.95,1156.40,1187.60,1192.656179315012378221,112294,6967,133928133.00,23721,21.12,64.55,-9.40
13-May-2022,1230.55,1234.85,1195.15,1202.30,1217.097418869042475713,81011,6533,98598279.00,20374,25.15,39.70,-28.25
12-May-2022,1210.00,1232.70,1197.50,1213.55,1217.137680216673960095,84551,5942,102910208.00,21208,25.08,35.20,3.55
11-May-2022,1240.10,1265.45,1208.05,1224.20,1233.717693717513445302,99849,6374,123185478.00,24043,24.08,57.40,-15.90
10-May-2022,1256.00,1270.80,1237.00,1242.45,1256.806649204314585792,197377,13534,248064726.00,124200,62.93,33.80,-13.55
9-May-2022,1278.00,1278.00,1210.30,1261.45,1247.160415245150599473,205180,12440,255892374.00,44946,21.91,67.70,-16.55
6-May-2022,1232.35,1297.00,1228.90,1291.50,1255.156243771177994817,481632,15855,604523412.00,93228,19.36,68.10,59.15
5-May-2022,1225.00,1265.50,1222.75,1263.55,1253.845451169699220200,134650,9458,168830290.00,44287,32.89,42.75,38.55
4-May-2022,1241.10,1243.50,1200.05,1214.10,1229.776292200225666694,812703,10372,999442882.00,743216,91.45,43.45,-27.00
2-May-2022,1245.00,1248.90,1224.20,1231.30,1233.744592188506269651,52794,3845,65134312.00,18765,35.54,24.70,-13.70
29-April-2022,1289.00,1289.00,1248.20,1256.55,1263.301104216097828070,65748,4821,83059521.00,35213,53.56,40.80,-32.45
28-April-2022,1270.00,1284.00,1250.25,1269.40,1267.452493063967801180,102364,6897,129741507.00,40120,39.19,33.75,-0.60
27-April-2022,1270.00,1274.15,1247.00,1261.50,1257.628821382567625590,93160,4278,117160701.00,69349,74.44,27.15,-8.50
26-April-2022,1278.00,1288.00,1265.50,1275.20,1274.217197195957970319,129242,8147,164682379.00,63000,48.75,22.50,-2.80
25-April-2022,1295.00,1298.00,1262.60,1270.95,1272.609679128926575448,124536,12541,158485719.00,60841,48.85,35.40,-24.05
22-April-2022,1313.10,1323.90,1292.65,1307.05,1309.696820498857981273,132222,7971,173170733.00,72142,54.56,31.25,-6.05
21-April-2022,1320.00,1320.00,1297.95,1313.60,1309.779333452238387647,78494,7644,102809819.00,38893,49.55,22.05,-6.40
20-April-2022,1308.70,1320.95,1292.55,1309.70,1310.319249994667197576,140639,11554,184281989.00,82642,58.76,28.40,1.00
19-April-2022,1363.90,1363.90,1287.00,1301.60,1333.137026135045937026,112110,6408,149457992.00,77577,69.20,76.90,-62.30
18-April-2022,1393.00,1393.00,1320.00,1344.25,1342.358942463373218023,151938,9742,203955333.00,67612,44.50,73.00,-48.75
13-April-2022,1415.20,1428.60,1404.00,1410.40,1417.150196215565139682,128685,8885,182365973.00,86913,67.54,24.60,-4.80
12-April-2022,1443.45,1443.45,1407.05,1415.95,1425.178082323062916287,104345,9217,148710207.00,69721,66.82,36.40,-27.50
11-April-2022,1449.75,1462.55,1436.00,1448.70,1445.429866146123814835,121924,8369,176232591.00,53391,43.79,26.55,-1.05
8-April-2022,1478.70,1482.40,1440.00,1449.75,1453.558854964217631800,159995,10506,232562149.00,100245,62.66,42.40,-28.95
7-April-2022,1454.00,1474.00,1450.90,1468.95,1462.382417514930987364,130266,7282,190498708.00,66915,51.37,23.10,14.95
6-April-2022,1488.00,1488.00,1454.15,1459.50,1462.884370094885246828,70717,5223,103450794.00,33647,47.58,33.85,-28.50
5-April-2022,1511.00,1522.60,1480.55,1488.90,1503.566095515858549033,109720,9009,164971272.00,48962,44.62,42.05,-22.10
4-April-2022,1487.35,1504.15,1484.60,1498.65,1498.350981518397134844,118388,6333,177386776.00,59200,50.00,19.55,11.30
1-April-2022,1504.80,1504.80,1476.20,1487.35,1490.199857514491423883,92641,4849,138053605.00,48165,51.99,28.60,-17.45
31-March-2022,1496.15,1509.70,1487.90,1499.30,1501.515735694822888283,58720,2809,88169004.00,17593,29.96,21.80,3.15
30-March-2022,1537.00,1537.00,1484.55,1496.15,1493.771845972616495761,103566,7747,154703975.00,38240,36.92,52.45,-40.85
29-March-2022,1527.00,1537.55,1519.20,1521.80,1523.874018787800797838,54397,2577,82894175.00,28101,51.66,18.35,-5.20
28-March-2022,1532.00,1538.30,1517.00,1524.15,1525.866469456568958027,96682,4708,147523822.00,46893,48.50,21.30,-7.85
25-March-2022,1574.80,1574.80,1522.40,1532.00,1545.824322036289753647,70874,5650,109558753.00,24500,34.57,52.40,-42.80
24-March-2022,1534.80,1571.90,1533.00,1568.85,1556.272747580044676098,80580,4086,125404458.00,44640,55.40,38.90,34.05
23-March-2022,1549.95,1561.25,1529.05,1541.85,1548.624766425141721791,126833,8242,196416725.00,56354,44.43,32.20,-8.10
22-March-2022,1481.50,1543.00,1474.40,1538.45,1516.852839521066441475,165785,9844,251471448.00,99925,60.27,68.60,56.95
21-March-2022,1499.00,1520.00,1477.00,1481.65,1499.415279930857558338,72893,3593,109296878.00,36099,49.52,43.00,-17.35
17-March-2022,1501.00,1508.10,1488.00,1491.90,1498.566611842105263157,38912,2086,58312224.00,17093,43.93,20.10,-9.10
16-March-2022,1473.00,1494.25,1468.10,1489.50,1481.066194824961948249,65700,4330,97306049.00,30506,46.43,26.15,16.50
15-March-2022,1517.00,1517.00,1447.60,1459.05,1478.726898672499296186,92354,6244,136566344.00,31251,33.84,69.40,-57.95
14-March-2022,1486.80,1508.60,1485.85,1503.00,1502.078082053013675502,148075,5452,222420212.00,76875,51.92,22.75,16.20
11-March-2022,1475.00,1491.75,1472.20,1486.95,1485.074686196988355261,46287,2124,68739652.00,14613,31.57,19.55,11.95
10-March-2022,1521.00,1527.85,1474.70,1485.00,1500.612905833556162202,160811,4969,241315062.00,36120,22.46,53.15,-36.00
9-March-2022,1473.90,1510.80,1461.75,1504.30,1499.590718368407378539,153960,12522,230876987.00,85583,55.59,49.05,30.40
8-March-2022,1416.00,1466.50,1416.00,1462.60,1453.784007531278520764,139153,9610,202298406.00,44334,31.86,50.50,46.60
7-March-2022,1422.00,1464.00,1411.20,1424.25,1437.265823702623554386,248251,16843,356802678.00,48182,19.41,52.80,2.25
4-March-2022,1418.00,1460.05,1399.00,1453.60,1438.240751375204013782,132344,9553,190342534.00,58790,44.42,61.05,35.60
3-March-2022,1404.75,1443.15,1404.75,1427.30,1431.116962621660799337,154528,5031,221147642.00,36603,23.69,38.40,22.55
2-March-2022,1393.00,1420.40,1382.80,1393.50,1397.619436918927305493,83789,6904,117105135.00,28139,33.58,37.60,0.50
28-February-2022,1378.75,1420.30,1364.90,1411.00,1397.673870111217152198,105829,5839,147914428.00,23529,22.23,55.40,32.25
25-February-2022,1350.00,1400.10,1350.00,1389.50,1383.854609418934648130,76463,8101,105813675.00,21767,28.47,50.10,39.50
24-February-2022,1371.15,1382.30,1330.00,1332.70,1354.938976201235813328,657219,25139,890491639.00,483371,73.55,52.30,-38.45
23-February-2022,1413.00,1426.05,1410.00,1414.00,1417.763572396222981579,49457,3895,70118333.00,14396,29.11,16.05,1.00
22-February-2022,1378.65,1420.45,1375.35,1412.90,1397.464682188820119854,101790,8898,142247930.00,33963,33.37,45.10,34.25
21-February-2022,1429.95,1439.60,1410.05,1418.35,1425.377962788041209937,45523,3680,64887481.00,11401,25.04,29.55,-11.60
18-February-2022,1440.00,1444.70,1418.00,1437.70,1418.440695714781086181,3627866,3909,5145912773.00,3532574,97.37,26.70,-2.30
17-February-2022,1451.00,1460.50,1440.80,1447.20,1451.088918837975441749,33390,2683,48451859.00,7645,22.90,19.70,-3.80
16-February-2022,1458.00,1463.80,1429.15,1443.70,1446.619896353877475476,54030,3694,78160873.00,10307,19.08,34.65,-14.30
15-February-2022,1404.00,1442.80,1398.10,1439.45,1417.501085924805740118,62159,5234,88110450.00,14249,22.92,44.70,35.45
14-February-2022,1422.00,1422.00,1371.25,1390.10,1399.048589015019938586,71971,6103,100690926.00,15442,21.46,50.75,-31.90
11-February-2022,1466.00,1466.00,1421.40,1424.35,1429.530052574960985439,66001,4976,94350413.00,27955,42.36,44.60,-41.65
10-February-2022,1467.00,1471.65,1451.85,1467.45,1462.696268379425659536,37678,2445,55111470.00,11836,31.41,19.80,0.45
9-February-2022,1459.60,1470.40,1442.00,1454.10,1457.985803702726141548,53042,3435,77334483.00,12893,24.31,28.40,-5.50
8-February-2022,1454.30,1455.30,1420.70,1432.75,1438.120928207748944788,52833,3992,75980243.00,11653,22.06,34.60,-21.55
7-February-2022,1450.00,1465.25,1434.35,1441.70,1450.614527980737296579,96352,9049,139769611.00,34321,35.62,30.90,-8.30
4-February-2022,1460.00,1464.80,1435.35,1448.25,1452.077729143039244172,106691,8754,154923625.00,34733,32.55,29.45,-11.75
3-February-2022,1483.00,1483.05,1449.90,1455.05,1464.253166668520145461,89921,5688,131667109.00,35887,39.91,33.15,-27.95
2-February-2022,1483.00,1489.80,1443.95,1482.75,1463.058698353890165548,341168,25106,499148810.00,108572,31.82,45.85,-0.25
1-February-2022,1505.00,1515.00,1475.00,1507.05,1493.312459225538947765,137954,11698,206008427.00,39752,28.82,40.00,2.05
31-January-2022,1437.00,1487.95,1433.35,1479.35,1469.120426586295335661,138026,8376,202776816.00,28691,20.79,54.60,42.35
28-January-2022,1447.70,1482.55,1406.40,1410.55,1449.580918795978693297,269962,19344,391331764.00,71272,26.40,76.15,-37.15
27-January-2022,1497.90,1497.90,1430.05,1445.65,1457.601242588269845208,197491,14829,287863127.00,79516,40.26,67.85,-52.25
25-January-2022,1508.00,1527.95,1464.00,1500.50,1498.237849059675974924,147396,11816,220834266.00,50002,33.92,63.95,-7.50
24-January-2022,1588.00,1588.00,1502.00,1512.15,1529.601131490594258498,221301,21165,338502260.00,79747,36.04,86.00,-75.85
21-January-2022,1646.50,1650.00,1589.70,1594.15,1612.820441724830289702,198721,19700,320501291.00,77435,38.97,60.30,-52.35
20-January-2022,1673.00,1673.00,1645.00,1668.15,1652.091479031053249386,112452,4310,185780991.00,27079,24.08,28.00,-4.85
19-January-2022,1667.00,1676.90,1628.20,1669.10,1645.644186413072032785,95165,5748,156607729.00,31438,33.04,48.70,2.10
18-January-2022,1741.80,1746.30,1650.75,1660.65,1688.468754556120996688,144037,12329,243201974.00,60897,42.28,95.55,-81.15
17-January-2022,1739.00,1750.65,1720.00,1721.65,1734.280391573750056014,245471,8661,425715542.00,185899,75.73,30.65,-17.35
14-January-2022,1709.00,1746.00,1696.80,1739.25,1724.294136078369934845,108511,7066,187104881.00,49209,45.35,49.20,30.25
13-January-2022,1734.95,1748.95,1702.60,1719.00,1723.912992592820733942,64937,5086,111945738.00,15476,23.83,46.35,-15.95
12-January-2022,1750.00,1754.10,1721.00,1728.85,1731.117571721311475409,70272,5485,121649094.00,25176,35.83,33.10,-21.15
11-January-2022,1710.00,1744.00,1706.00,1738.35,1730.694445596714647197,120535,7114,208609255.00,58973,48.93,38.00,28.35
10-January-2022,1717.00,1725.00,1688.15,1716.90,1708.650540175946316772,86731,7615,148192970.00,32825,37.85,36.85,-0.10
7-January-2022,1694.35,1724.50,1694.35,1703.25,1705.820866504072523123,86924,4035,148276773.00,44720,51.45,30.15,8.90
6-January-2022,1732.00,1732.00,1690.10,1691.65,1702.424023544117530715,126401,7603,215188099.00,48722,38.55,41.90,-40.35
5-January-2022,1784.00,1784.00,1733.00,1736.05,1742.722449255966606124,251064,11356,437534869.00,152005,60.54,51.00,-47.95
4-January-2022,1788.00,1803.05,1767.00,1787.40,1785.310709311701321865,204635,8612,365337057.00,125315,61.24,36.05,-0.60
3-January-2022,1791.50,1817.75,1782.90,1785.10,1793.616215807767870636,145574,7006,261103887.00,85001,58.39,34.85,-6.40
31-December-2021,1800.00,1809.20,1783.20,1790.55,1789.893049930493287035,166171,8162,297428318.00,96658,58.17,26.00,-9.45
30-December-2021,1786.65,1837.75,1786.25,1800.55,1813.845512771700044842,118191,7125,214380215.00,18165,15.37,51.50,13.90
29-December-2021,1804.50,1819.00,1781.00,1786.65,1800.356441938479299296,119537,7240,215209208.00,59478,49.76,38.00,-17.85
28-December-2021,1785.00,1822.90,1778.00,1806.25,1803.329351467931525709,125653,8673,226593743.00,23825,18.96,44.90,21.25
27-December-2021,1723.20,1791.95,1704.35,1784.90,1763.818554558121473765,175116,9736,308872850.00,40579,23.17,87.60,61.70
24-December-2021,1684.00,1735.55,1680.75,1723.45,1710.316295653849860267,103770,6359,177479522.00,34482,33.23,54.80,39.45
23-December-2021,1661.00,1691.00,1661.00,1683.75,1681.678651433691756272,80352,5020,135126243.00,43230,53.80,30.00,22.75
22-December-2021,1635.00,1661.25,1632.05,1659.80,1651.638930845267001892,52303,3589,86385671.00,23417,44.77,29.20,24.80
21-December-2021,1602.10,1654.50,1602.10,1635.45,1639.684700271724061442,90165,5084,147842171.00,27754,30.78,52.40,33.35
20-December-2021,1629.95,1636.50,1577.25,1598.80,1601.769798352823939740,136476,8157,218603135.00,53684,39.34,59.25,-31.15
17-December-2021,1660.00,1674.90,1627.05,1641.90,1652.911716736682317223,141635,5934,234110151.00,59002,41.66,47.85,-18.10
16-December-2021,1649.00,1666.90,1642.10,1652.60,1655.943218068138318234,125392,6725,207642032.00,45971,36.66,24.80,3.60
15-December-2021,1635.00,1645.60,1616.25,1642.00,1633.801977311280746395,75456,6517,123280162.00,23097,30.61,29.35,7.00
14-December-2021,1634.95,1662.70,1627.00,1643.15,1650.133050173661965937,95588,4742,157732918.00,28110,29.41,35.70,8.20
13-December-2021,1606.00,1655.30,1597.60,1637.85,1639.743177976334218787,132512,5301,217285648.00,35028,26.43,57.70,31.85
10-December-2021,1601.00,1609.30,1579.40,1602.60,1596.593307689434962841,53554,3561,85503958.00,17182,32.08,29.90,1.60
9-December-2021,1604.20,1618.00,1585.00,1611.30,1600.583821945674285030,50142,3807,80256474.00,18182,36.26,33.00,7.10
8-December-2021,1584.95,1613.95,1584.95,1606.60,1594.381635055186726275,193706,4499,308841289.00,154866,79.95,29.00,21.65
7-December-2021,1559.95,1581.00,1536.60,1576.50,1568.074498069892363309,97922,4321,153548991.00,45338,46.30,44.40,16.55
6-December-2021,1608.00,1619.00,1547.20,1552.05,1577.253844087006436326,163758,6422,258287935.00,76457,46.69,71.80,-55.95
3-December-2021,1624.80,1637.00,1589.40,1592.90,1613.375311568755608237,90269,6448,145637776.00,30549,33.84,47.60,-31.90
2-December-2021,1594.40,1632.00,1580.00,1629.65,1613.410516813360415256,128499,7339,207321638.00,52446,40.81,52.00,35.25
1-December-2021,1550.00,1593.70,1549.95,1588.35,1580.353877834760824228,152482,6455,240975520.00,71158,46.67,43.75,38.35
30-November-2021,1539.00,1594.35,1525.55,1541.10,1563.957106819957584551,223975,10836,350287293.00,86748,38.73,68.80,2.10
29-November-2021,1500.10,1545.85,1479.15,1539.15,1522.933288012318579431,122092,5767,185937971.00,60544,49.59,66.70,39.05
26-November-2021,1550.80,1550.80,1506.50,1520.40,1530.937293859735745462,50633,2929,77515948.00,15501,30.61,44.30,-30.40
25-November-2021,1536.00,1564.05,1532.00,1558.80,1553.578415764522748178,56532,3588,87826895.00,17640,31.20,32.05,22.80
24-November-2021,1561.05,1567.00,1532.40,1539.70,1542.154998229073552478,118582,6040,182871824.00,76864,64.82,34.60,-21.35
23-November-2021,1529.00,1563.95,1507.20,1561.05,1546.670801707779886148,84320,3102,130415282.00,42760,50.71,56.75,32.05
22-November-2021,1575.00,1581.45,1521.00,1538.70,1557.279547745775021951,92249,3644,143657481.00,17660,19.14,60.45,-36.30
18-November-2021,1623.45,1624.15,1560.90,1566.30,1582.418521001104575965,211846,5031,335229034.00,124068,58.57,63.25,-57.15
17-November-2021,1600.60,1624.75,1594.95,1617.90,1611.809880223468479577,93257,5528,150312554.00,43781,46.95,29.80,17.30
16-November-2021,1584.00,1605.00,1576.50,1601.05,1592.291675645289736262,106735,3340,169953252.00,35372,33.14,28.50,17.05
15-November-2021,1585.05,1601.65,1573.95,1576.50,1587.425153785737626912,174431,5862,276896157.00,57751,33.11,27.70,-8.55
12-November-2021,1542.45,1589.05,1531.35,1585.05,1572.390819335146695458,192644,12709,302911657.00,79490,41.26,57.70,42.60
11-November-2021,1556.75,1556.75,1515.20,1523.20,1528.087100707144598878,61515,3571,94000278.00,17581,28.58,41.55,-33.55
10-November-2021,1550.00,1573.00,1548.80,1565.40,1563.268093405724526909,37942,1828,59313518.00,6575,17.33,24.20,15.40
9-November-2021,1558.00,1572.00,1552.75,1559.10,1562.835583437892095357,79700,4765,124557996.00,33755,42.35,19.25,1.10
8-November-2021,1505.95,1563.25,1505.00,1556.45,1537.993509708672902699,74727,3851,114929641.00,21073,28.20,58.25,50.50
4-November-2021,1508.00,1516.10,1500.85,1505.80,1508.411712285168682367,7855,886,11848574.00,5097,64.89,15.25,-2.20
3-November-2021,1501.00,1537.20,1493.65,1497.40,1515.308179501042712597,64735,3638,98093475.00,13126,20.28,43.55,-3.60
2-November-2021,1524.00,1524.00,1488.10,1490.40,1501.988003207213204036,66101,4811,99282909.00,24428,36.96,35.90,-33.60
1-November-2021,1481.00,1529.60,1481.00,1522.65,1507.696071390955485977,104439,5316,157462270.00,25353,24.28,48.60,41.65
29-October-2021,1532.90,1542.30,1468.40,1478.75,1511.466926431023286019,97011,6488,146628918.00,20035,20.65,73.90,-54.15
28-October-2021,1576.20,1581.60,1525.00,1532.80,1553.182728735274274741,96345,7337,149641390.00,35690,37.04,56.60,-43.40
27-October-2021,1563.00,1586.80,1527.50,1568.20,1569.654099222389385343,110338,4209,173192494.00,12432,11.27,59.30,5.20
26-October-2021,1569.70,1629.40,1543.25,1562.90,1593.249418324302949842,806721,36022,1285307764.00,171501,21.26,86.15,-6.80
25-October-2021,1535.00,1544.75,1483.45,1524.40,1510.905546491347923582,248842,13138,375976758.00,54641,21.96,61.30,-10.60
22-October-2021,1529.00,1561.90,1484.10,1518.00,1523.977429117553360942,125560,7678,191350606.00,26222,20.88,77.80,-11.00
21-October-2021,1542.00,1544.45,1476.75,1524.20,1512.304095670548037584,133458,11234,201829080.00,30656,22.97,67.70,-17.80
20-October-2021,1541.00,1575.95,1515.65,1539.15,1541.429295841843227763,813269,15635,1253596662.00,677955,83.36,60.30,-1.85
19-October-2021,1497.00,1569.25,1478.00,1539.25,1532.371460046853696103,294107,14538,450681173.00,77215,26.25,91.25,42.25
18-October-2021,1430.80,1487.20,1421.40,1478.30,1454.467520664319608143,104528,8737,152032581.00,31827,30.45,65.80,47.50
14-October-2021,1425.00,1459.00,1411.00,1430.25,1437.393073567834068805,274427,13228,394459469.00,140545,51.21,48.00,5.25
13-October-2021,1388.10,1410.05,1378.00,1403.15,1392.581303352071621902,62439,3187,86951384.00,16443,26.33,32.05,15.05
12-October-2021,1400.40,1402.00,1361.00,1374.45,1374.505943522754414007,163287,13068,224438952.00,60400,36.99,41.00,-25.95
11-October-2021,1425.00,1434.15,1381.15,1400.25,1432.770608479733424250,777265,13937,1113642447.00,709258,91.25,53.00,-24.75
8-October-2021,1422.80,1447.00,1419.65,1440.00,1437.759797504233674829,166522,10276,239418637.00,85954,51.62,27.35,17.20
7-October-2021,1404.00,1422.80,1375.65,1417.25,1412.374675661650233523,210043,8545,296659414.00,116034,55.24,47.15,13.25
6-October-2021,1418.10,1426.70,1380.00,1387.35,1402.147169680661627952,202168,5910,283469289.00,152452,75.41,46.70,-30.75
5-October-2021,1399.00,1420.20,1381.00,1412.70,1401.256410256410256410,107250,6822,150284750.00,38872,36.24,39.20,13.70
4-October-2021,1385.30,1405.00,1372.15,1399.05,1387.204793148241925185,181676,7644,252021818.00,80663,44.40,32.85,13.75
1-October-2021,1372.15,1383.85,1365.00,1371.60,1375.864427774257506694,244615,10226,336557077.00,177265,72.47,18.85,-0.55
30-September-2021,1399.70,1401.30,1377.05,1380.95,1386.746217722113962847,204242,10980,283231821.00,127156,62.26,24.25,-18.75
29-September-2021,1396.10,1408.80,1373.00,1395.50,1388.234124481574085752,404349,16190,561331080.00,265232,65.59,35.80,-0.60
28-September-2021,1464.45,1465.05,1408.80,1414.50,1435.303183928740642471,232166,13980,333228599.00,138914,59.83,56.25,-49.95
27-September-2021,1519.00,1522.00,1460.00,1464.45,1477.850737196068287635,77320,5099,114267419.00,30166,39.01,62.00,-54.55
24-September-2021,1534.75,1547.00,1510.00,1514.40,1531.245909927785780381,104827,11776,160515915.00,41667,39.75,37.00,-20.35
23-September-2021,1520.00,1530.25,1504.05,1521.20,1513.818748365921354472,676987,5135,1024835613.00,626445,92.53,26.20,1.20
22-September-2021,1461.20,1527.55,1457.60,1514.05,1508.161470332850940665,172750,7814,260534894.00,28610,16.56,69.95,52.85
21-September-2021,1432.35,1466.40,1420.25,1460.05,1444.158490145153837574,62761,2988,90636831.00,12152,19.36,46.15,27.70
20-September-2021,1438.20,1493.05,1425.40,1430.75,1462.847892829275051594,137127,7874,200595943.00,59915,43.69,67.65,-7.45
17-September-2021,1450.00,1471.70,1437.00,1452.35,1449.867749787432687017,119962,4228,173929035.00,82075,68.42,34.70,2.35
16-September-2021,1465.80,1467.90,1440.00,1447.65,1448.396935132025916801,92141,2981,133456742.00,53838,58.43,27.90,-18.15
15-September-2021,1449.00,1480.00,1438.00,1464.65,1456.448514949671917095,121006,3931,176239009.00,31030,25.64,42.00,15.65
14-September-2021,1439.00,1456.45,1429.20,1450.65,1443.111018479922189801,43182,1869,62316420.00,22117,51.22,27.25,11.65
13-September-2021,1433.00,1440.00,1420.45,1428.55,1430.263864998460953484,55229,3204,78992043.00,26765,48.46,19.55,-4.45
9-September-2021,1430.00,1437.70,1414.00,1433.55,1422.481039579744358663,47019,1903,66883636.00,13911,29.59,23.70,3.55
8-September-2021,1437.10,1443.65,1420.00,1427.55,1430.835698999181720903,63548,3541,90926747.00,25953,40.84,23.65,-9.55
7-September-2021,1470.80,1472.60,1433.00,1435.55,1451.355670326808732259,46082,2587,66881372.00,15873,34.45,39.60,-35.25
6-September-2021,1449.45,1467.00,1437.00,1460.30,1449.344658473174190498,220012,4165,318873217.00,163561,74.34,30.00,10.85
3-September-2021,1439.00,1446.20,1425.80,1441.65,1436.878805728380517615,54326,3501,78059878.00,23159,42.63,20.40,2.65
2-September-2021,1432.50,1452.65,1421.80,1438.75,1429.739109797226964233,120085,5525,171690221.00,64929,54.07,30.85,6.25
1-September-2021,1451.00,1465.00,1427.65,1436.15,1441.723270440251572327,55173,2859,79544198.00,16223,29.40,37.35,-14.85
31-August-2021,1431.00,1453.90,1407.10,1447.30,1422.387779718452834131,669870,9738,952814902.00,488776,72.97,46.80,16.30
30-August-2021,1449.00,1454.90,1416.25,1419.35,1430.417737026921576277,128150,7742,183308033.00,46228,36.07,38.65,-29.65
27-August-2021,1446.40,1457.20,1431.40,1446.55,1444.515399159663865546,47600,2700,68758933.00,10514,22.09,25.80,0.15
26-August-2021,1460.00,1466.90,1444.10,1449.45,1453.663650793650793650,44100,2508,64106567.00,8539,19.36,22.80,-10.55
25-August-2021,1462.10,1477.50,1450.00,1463.00,1463.127334402185208277,134724,5809,197118367.00,42890,31.84,27.50,0.90
24-August-2021,1420.00,1466.40,1416.00,1463.90,1449.749351319992094710,156857,6491,227403334.00,24876,15.86,50.40,43.90
23-August-2021,1414.95,1442.65,1409.00,1415.60,1425.852195629106421290,186598,8894,266061168.00,51382,27.54,33.65,0.65
20-August-2021,1366.65,1420.45,1366.65,1399.35,1402.412351398601398601,114400,6095,160435973.00,30819,26.94,53.80,32.70
18-August-2021,1414.00,1424.85,1404.35,1412.70,1413.500397149865669898,85610,5025,121009769.00,25115,29.34,20.50,-1.30
17-August-2021,1367.50,1428.45,1367.50,1414.90,1412.708220195820029541,226126,9744,319450059.00,26375,11.66,60.95,47.40
16-August-2021,1384.00,1398.95,1360.35,1367.60,1371.877050174199128600,123709,5476,169713538.00,35151,28.41,38.60,-16.40
13-August-2021,1381.95,1389.70,1366.00,1382.75,1378.948282632131306713,140069,8632,193147907.00,38121,27.22,23.70,0.80
12-August-2021,1324.00,1394.95,1319.80,1387.05,1370.138585289635616596,259205,10437,355146772.00,53238,20.54,75.15,63.05
11-August-2021,1325.00,1326.85,1298.70,1323.30,1312.278691331600672680,163525,6565,214590373.00,46186,28.24,28.15,-1.70
10-August-2021,1290.65,1329.20,1282.95,1323.10,1315.495767824580184528,220454,8759,290006304.00,32323,14.66,46.25,32.45
9-August-2021,1275.10,1306.80,1274.00,1286.90,1285.409146190633245382,194048,9370,249431074.00,54630,28.15,32.80,11.80
6-August-2021,1248.00,1272.55,1243.20,1264.90,1261.573737596471885336,90700,4490,114424738.00,21258,23.44,29.35,16.90
5-August-2021,1220.85,1254.60,1217.10,1247.85,1242.521337010498822963,232788,11397,289244057.00,55131,23.68,37.50,27.00
4-August-2021,1226.25,1230.00,1214.10,1216.85,1219.823187778084025672,50794,2406,61959699.00,16691,32.86,15.90,-9.40
3-August-2021,1211.00,1229.75,1210.20,1226.05,1223.346920784182024264,95284,5307,116565388.00,41745,43.81,19.55,15.05
2-August-2021,1218.00,1218.00,1195.95,1211.00,1203.430191564371575415,70629,4565,84997071.00,31431,44.50,22.05,-7.00
30-July-2021,1189.95,1237.00,1175.05,1209.45,1216.273390010536329006,937708,34150,1140509288.00,93184,9.94,61.95,19.50
29-July-2021,1134.00,1140.90,1116.00,1127.75,1129.664365439872547439,105451,5081,119124237.00,24157,22.91,24.90,-6.25
28-July-2021,1130.00,1130.25,1106.30,1119.50,1118.770765627189675077,149851,4451,167648918.00,28356,18.92,23.95,-10.50
27-July-2021,1127.00,1130.00,1104.70,1122.20,1112.427337043147562987,35761,1816,39781514.00,9849,27.54,25.30,-4.80
26-July-2021,1130.30,1138.25,1117.10,1120.05,1127.084801719835694268,26049,1474,29359432.00,8727,33.50,21.15,-10.25
23-July-2021,1124.70,1141.00,1116.45,1130.30,1128.939415521757110692,87052,4347,98276434.00,22019,25.29,24.55,5.60
22-July-2021,1082.00,1152.10,1081.90,1148.45,1126.180138008283840659,239261,11925,269450986.00,63618,26.59,70.20,66.45
20-July-2021,1100.00,1101.75,1085.00,1087.00,1091.672514130207243039,71655,4377,78223794.00,32210,44.95,16.75,-13.00
19-July-2021,1102.30,1110.15,1086.55,1094.25,1102.312830266461792152,320196,2335,352956159.00,285087,89.04,23.60,-8.05
16-July-2021,1115.00,1115.00,1083.60,1103.00,1095.113962416649828248,84133,4342,92135223.00,23267,27.66,31.40,-12.00
15-July-2021,1085.70,1119.60,1076.45,1112.15,1105.285979577560479710,198703,8703,219623640.00,43053,21.67,43.15,26.45
14-July-2021,1061.40,1080.00,1048.80,1078.40,1071.462839639639639639,138750,5590,148665469.00,19554,14.09,31.20,17.00
13-July-2021,1058.20,1060.20,1048.30,1050.10,1051.853639846743295019,56115,9550,59024767.00,31002,55.25,11.90,-8.10
12-July-2021,1060.00,1060.00,1046.10,1056.50,1052.159639656520173437,341563,9819,359378803.00,306246,89.66,13.90,-3.50
9-July-2021,1060.00,1068.75,1049.25,1051.60,1057.512702684960283594,45699,2251,48327273.00,13151,28.78,19.50,-8.40
8-July-2021,1046.50,1063.00,1045.00,1059.80,1054.907989242550250035,92587,4256,97670766.00,35018,37.82,18.00,13.30
7-July-2021,1043.10,1059.30,1030.15,1045.95,1046.094000648140646520,98744,5829,103295506.00,27499,27.85,29.15,2.85
6-July-2021,1077.00,1077.00,1048.00,1050.05,1057.372684545203207077,101276,7633,107086476.00,48336,47.73,29.00,-26.95
5-July-2021,1089.40,1094.85,1072.00,1074.80,1084.227361462686418125,200289,4474,217158814.00,26404,13.18,22.85,-14.60
2-July-2021,1081.15,1097.00,1075.00,1089.45,1084.438157542369639236,52278,3462,56692258.00,18973,36.29,22.00,8.30
1-July-2021,1099.45,1099.45,1081.60,1085.20,1087.727549962990377498,33775,2101,36737998.00,9966,29.51,17.85,-14.25
30-June-2021,1090.00,1104.80,1084.25,1095.10,1096.713300767620376831,71650,3462,78579508.00,30859,43.07,20.55,5.10
29-June-2021,1110.00,1110.00,1083.10,1088.55,1097.396077530069715774,52212,3038,57297244.00,13306,25.48,26.90,-21.45
28-June-2021,1099.45,1108.00,1081.35,1104.80,1095.980087333623445026,66641,3309,73037209.00,28166,42.27,26.65,5.35
25-June-2021,1093.80,1103.00,1077.55,1089.25,1091.375629011359869828,66374,3220,72438966.00,16563,24.95,25.45,-4.55
24-June-2021,1053.00,1082.20,1052.90,1079.85,1068.656153720537804147,91855,3638,98161411.00,30044,32.71,29.30,26.85
23-June-2021,1059.80,1061.75,1039.00,1056.25,1056.740998937023535472,766715,3464,810219175.00,710114,92.62,22.75,-3.55
22-June-2021,1060.50,1071.70,1053.55,1056.00,1060.014478239366963402,80880,4466,85733971.00,36691,45.36,18.15,-4.50
21-June-2021,1055.00,1069.60,1055.00,1063.20,1062.219065625959502916,61881,3488,65731178.00,21239,34.32,14.60,8.20
18-June-2021,1085.35,1091.20,1054.40,1070.75,1075.145299828567875574,112581,6533,121040933.00,34576,30.71,36.80,-14.60
17-June-2021,1060.00,1084.35,1057.15,1080.25,1071.499972547081754790,72852,3482,78060916.00,13148,18.05,27.20,20.25
16-June-2021,1071.00,1077.90,1054.65,1069.10,1066.969561017918038280,253655,5619,270642164.00,204345,80.56,23.25,-1.90
15-June-2021,1072.20,1092.40,1062.30,1066.90,1070.720661031514825720,829673,5359,888348023.00,733471,88.40,30.10,-5.30
14-June-2021,1070.00,1079.20,1057.70,1069.15,1070.787806145541716259,119306,6382,127751410.00,35120,29.44,21.50,-0.85
11-June-2021,1068.00,1082.15,1055.00,1073.35,1072.619923347308685893,94452,4523,101311097.00,26081,27.61,27.15,5.35
10-June-2021,1060.00,1074.40,1057.25,1063.95,1067.491989176263293688,79455,3923,84817576.00,19186,24.15,17.15,3.95
9-June-2021,1060.00,1064.60,1045.45,1051.90,1059.170434976276552165,502878,6982,532633510.00,336220,66.86,19.15,-8.10
8-June-2021,1040.00,1061.55,1037.30,1058.55,1055.105479169981561385,213682,7815,225457049.00,89960,42.10,24.25,18.55
7-June-2021,1020.05,1039.00,1020.00,1032.40,1027.643020806386045308,54118,2560,55613985.00,24928,46.06,19.00,12.35
4-June-2021,1025.00,1026.25,1011.10,1018.75,1020.526472635782942706,81877,2567,83557646.00,29029,35.45,15.15,-6.25
3-June-2021,1016.00,1020.75,1006.80,1013.90,1012.877030263444371870,45930,2463,46521442.00,12355,26.90,13.95,-2.10
2-June-2021,1030.00,1030.00,994.10,1016.90,1007.944293752948311880,118712,5652,119655083.00,20006,16.85,35.90,-13.10
1-June-2021,1021.20,1032.00,1013.35,1030.40,1024.440270894834564471,74863,4440,76692672.00,39566,52.85,18.65,9.20
31-May-2021,1022.00,1031.90,1013.05,1021.85,1022.829464215570743970,50916,2454,52078385.00,18667,36.66,18.85,-0.15
28-May-2021,1023.00,1032.90,1012.90,1026.15,1025.090541305930900558,61795,2513,63345470.00,21367,34.58,20.00,3.15
27-May-2021,1013.45,1031.90,1007.10,1019.60,1020.796799038619107445,256298,9522,261628178.00,150042,58.54,24.80,6.15
26-May-2021,995.00,1011.50,993.00,1007.45,1005.393405499564514122,120555,6031,121205202.00,72947,60.51,18.50,12.45
25-May-2021,986.30,1001.55,984.10,993.20,993.993135545100584036,98624,5136,98031579.00,46142,46.79,17.45,6.90
24-May-2021,981.55,993.80,977.95,984.35,987.172152743038185759,119940,4968,118401428.00,65898,54.94,15.85,2.80
21-May-2021,972.95,985.55,972.00,980.65,981.961479429247798545,153762,5502,150988361.00,98642,64.15,13.55,7.70
20-May-2021,984.00,984.00,965.20,972.95,973.146948959640470423,68534,3427,66693653.00,14607,21.31,18.80,-11.05
19-May-2021,974.00,986.00,963.00,978.00,980.691272551785581706,107752,4165,105671446.00,51692,47.97,23.00,4.00
18-May-2021,962.00,978.75,957.65,968.65,970.588257276917327575,120415,4099,116873385.00,55221,45.86,21.10,6.65
17-May-2021,953.00,956.50,943.05,953.65,952.684953011157650205,142055,1648,135333661.00,110048,77.47,13.45,0.65
14-May-2021,962.00,962.85,941.45,951.95,951.071904905432898801,53084,2700,50486701.00,17748,33.43,21.40,-10.05
12-May-2021,987.95,987.95,950.50,962.10,960.939669591243874526,68158,2701,65495726.00,15088,22.14,37.45,-25.85
11-May-2021,989.85,989.85,970.75,976.25,977.056827996545216083,62522,3241,61087547.00,22442,35.89,19.10,-13.60
10-May-2021,982.00,993.25,973.80,991.45,987.580825179893358181,193170,5255,190770988.00,141052,73.02,19.45,9.45
7-May-2021,977.75,984.15,972.50,980.80,978.826817153535949640,40668,1388,39806929.00,12138,29.85,11.65,3.05
6-May-2021,963.00,984.65,957.70,977.75,973.268344972511727621,141333,5509,137554935.00,61419,43.46,26.95,14.75
5-May-2021,970.00,970.00,954.05,961.70,959.523047192624898360,189394,4637,181727908.00,112564,59.43,15.95,-8.30
4-May-2021,960.00,969.85,956.00,960.85,961.445630060393264848,218733,4717,210299887.00,156391,71.50,13.85,0.85
3-May-2021,960.00,965.55,955.15,957.45,960.347546127571949206,122378,4476,117525412.00,49647,40.57,10.40,-2.55
30-April-2021,977.00,977.00,956.45,961.75,967.651076834917148178,104705,2750,101317906.00,59443,56.77,20.55,-15.25
29-April-2021,984.00,984.00,970.30,976.80,977.418268254032749583,73833,3366,72165723.00,26926,36.47,13.70,-7.20
28-April-2021,975.00,980.00,968.05,977.70,974.945119882105426446,206286,7288,201117529.00,151361,73.37,11.95,2.70
27-April-2021,962.00,985.65,944.50,969.25,962.438803607607634089,453597,16344,436559354.00,51641,11.38,41.15,7.25
26-April-2021,950.40,969.80,936.85,963.15,950.448615455215138816,165614,7230,157407597.00,38328,23.14,32.95,12.75
23-April-2021,964.00,970.40,945.95,950.40,956.022056258409927452,280918,10265,268563804.00,142600,50.76,24.45,-13.60
22-April-2021,966.20,985.35,960.85,968.25,975.655420302139920043,490766,11975,478818508.00,274243,55.88,24.50,2.05
20-April-2021,996.50,1007.90,974.00,984.10,986.284847609417882420,207690,6296,204841500.00,114582,55.17,33.90,-12.40
19-April-2021,1001.60,1009.45,982.80,1000.80,998.265540823264815105,305904,6218,305373422.00,169402,55.38,26.65,-0.80
16-April-2021,994.00,1013.05,994.00,1010.60,1005.603831380366606700,102835,3791,103411270.00,39039,37.96,19.05,16.60
15-April-2021,1005.00,1007.50,970.65,993.90,991.177056655257425979,167116,4817,165641545.00,59114,35.37,36.85,-11.10
13-April-2021,1035.00,1050.00,983.30,1001.30,1003.093451903685885754,205785,6457,206421586.00,56888,27.64,66.70,-33.70
12-April-2021,1054.00,1058.60,1017.60,1038.10,1034.194315427175662922,324246,7393,335333370.00,143146,44.15,41.00,-15.90
9-April-2021,1029.00,1057.05,1017.00,1052.65,1040.244826188052859353,120849,3915,125712547.00,32578,26.96,40.05,23.65
8-April-2021,1003.00,1049.55,1003.00,1028.30,1018.073513925433004011,666622,11503,678670202.00,419667,62.95,46.55,25.30
7-April-2021,992.00,1005.50,981.80,1003.05,994.944834437449573812,182197,5491,181275964.00,111504,61.20,23.70,11.05
6-April-2021,1007.50,1008.00,989.00,991.50,999.070065011016511166,183815,5074,183644064.00,116394,63.32,19.00,-16.00
5-April-2021,991.75,1007.00,978.55,997.25,994.885166579977552081,146116,4240,145368641.00,29733,20.35,28.45,5.50
1-April-2021,1004.00,1007.55,986.60,991.75,992.949442060748240523,259168,6244,257340721.00,135187,52.16,20.95,-12.25
31-March-2021,1024.45,1024.45,989.90,991.25,1000.207102897102897102,100100,3098,100120731.00,21823,21.80,34.55,-33.20
30-March-2021,1000.00,1019.85,994.00,1016.70,1003.819947217787749349,278124,11180,279186419.00,147238,52.94,25.85,16.70
26-March-2021,976.00,997.55,976.00,991.25,988.391167624339161812,226417,4501,223788563.00,106744,47.14,21.55,15.25
25-March-2021,985.35,996.25,964.05,970.55,985.742361599483979627,223247,5600,220064025.00,117081,52.44,32.20,-14.80
24-March-2021,1009.75,1013.10,988.00,994.80,1002.685767816909759279,210825,4365,211391227.00,156302,74.14,25.10,-14.95
23-March-2021,1008.55,1021.30,1000.65,1013.85,1009.715972890249234805,228700,4200,230922043.00,103710,45.35,20.65,5.30
22-March-2021,992.00,1016.85,979.00,1012.75,1003.183218465657278269,331686,5769,332741829.00,232221,70.01,37.85,20.75
19-March-2021,978.25,1000.45,975.70,989.25,988.309318478784127639,145410,3482,143710058.00,61033,41.97,24.75,11.00
18-March-2021,1015.00,1034.95,978.25,996.15,1009.789311632925178376,196494,6634,198417541.00,53039,26.99,56.70,-18.85
17-March-2021,1026.55,1042.75,1015.30,1020.20,1030.940015646253708937,141887,5713,146276986.00,51107,36.02,27.45,-6.35
16-March-2021,1035.00,1044.65,1021.45,1028.00,1033.889715341959334565,135250,4001,139833584.00,31569,23.34,23.20,-7.00
15-March-2021,1007.00,1029.20,1001.55,1026.20,1019.609398062346713424,360436,9262,367503933.00,117835,32.69,27.65,19.20
12-March-2021,1008.65,1024.45,996.20,1003.90,1011.495587057715829395,227286,7691,229898786.00,117323,51.62,28.25,-4.75
10-March-2021,1000.00,1016.80,993.00,1008.70,1007.040149122489239007,303643,10251,305780692.00,139857,46.06,23.80,8.70
9-March-2021,971.00,999.00,961.80,988.30,979.347972605718012827,128786,4873,126126308.00,65505,50.86,37.20,17.30
8-March-2021,975.00,980.15,962.30,968.55,970.381375943186861961,56325,1844,54656731.00,8011,14.22,17.85,-6.45
5-March-2021,968.80,980.95,957.00,959.50,969.347639581875239879,88586,3358,85870630.00,22938,25.89,23.95,-9.30
4-March-2021,963.00,994.80,956.50,968.25,974.088953576041277396,305058,4582,297153628.00,186642,61.18,38.30,5.25
3-March-2021,967.80,980.00,961.05,975.80,972.058674308525169628,179363,4956,174351360.00,48957,27.29,18.95,8.00
2-March-2021,947.00,970.35,943.95,967.80,959.728475579263210535,95984,2992,92118578.00,21288,22.18,26.40,20.80
1-March-2021,938.40,957.00,926.80,935.65,942.991913071627952431,163721,5325,154387579.00,61424,37.52,30.20,-2.75
26-February-2021,950.00,950.00,915.05,918.60,929.352564705361736023,180781,7059,168009286.00,55524,30.71,34.95,-31.40
25-February-2021,969.90,969.90,952.80,957.80,960.287737292009665256,290939,2517,279385154.00,205451,70.62,17.10,-12.10
24-February-2021,948.00,1010.00,937.00,959.80,957.616998844598497978,415440,14109,397832406.00,262682,63.23,73.00,11.80
23-February-2021,954.80,963.20,931.15,945.85,948.940923448431991893,185522,4784,176049418.00,15267,8.23,32.05,-8.95
22-February-2021,1002.90,1010.80,942.30,950.35,973.817123159450788507,309826,11935,301713864.00,67244,21.70,68.50,-52.55
19-February-2021,1019.00,1019.00,973.05,994.25,1001.341331817920606846,313226,3882,313646140.00,19061,6.09,45.95,-24.75
18-February-2021,974.10,1015.45,974.10,1009.85,998.957243056120466028,442548,10459,442086530.00,159526,36.05,41.35,35.75
17-February-2021,978.00,996.00,971.85,980.75,982.320339979576469617,96947,3426,95233010.00,25637,26.44,24.15,2.75
16-February-2021,992.70,999.15,974.00,987.35,986.343191176894059377,138908,3473,137010960.00,22135,15.94,25.15,-5.35
15-February-2021,994.00,995.00,977.70,979.10,984.606997568368040750,86773,2211,85437303.00,19730,22.74,17.30,-14.90
12-February-2021,988.60,1009.00,987.25,990.90,996.990230057134888375,243809,5835,243075191.00,57985,23.78,21.75,2.30
11-February-2021,975.05,988.60,972.90,985.50,982.427044025157232704,203520,5267,199943552.00,101929,50.08,15.70,10.45
10-February-2021,975.00,979.55,957.65,975.05,969.798242257001094393,148941,5212,144442720.00,59634,40.04,21.90,0.05
9-February-2021,982.20,999.40,967.60,975.35,985.110411229456161388,141770,4000,139659103.00,59618,42.05,31.80,-6.85
8-February-2021,968.00,993.00,960.65,982.20,979.919512136098540764,206615,6676,202466070.00,78623,38.05,32.35,14.20
5-February-2021,969.25,980.40,950.20,959.50,962.694458156687380219,137752,5636,132613087.00,33433,24.27,30.20,-9.75
4-February-2021,987.00,988.00,964.30,969.25,976.783650333498314831,339432,8013,331551628.00,255695,75.33,23.70,-17.75
3-February-2021,962.05,999.90,960.30,981.80,983.628511279255155161,227054,7227,223336788.00,55512,24.45,39.60,19.75
2-February-2021,951.05,972.65,938.00,958.40,949.558937299876951943,147097,4924,139677271.00,61850,42.05,34.65,7.35
1-February-2021,965.65,965.65,921.40,941.55,937.961960602695131766,222401,13237,208603678.00,66176,29.76,44.25,-24.10
29-January-2021,994.00,995.45,954.90,961.65,978.335433095980416390,125411,6617,122694025.00,35952,28.67,40.55,-32.35
28-January-2021,990.00,990.00,965.05,982.55,981.740914950992810777,355254,7481,348767387.00,230491,64.88,24.95,-7.45
27-January-2021,980.00,1008.00,974.15,997.15,994.813378174028101568,507872,6812,505237860.00,42239,8.32,33.85,17.15
25-January-2021,987.75,997.15,962.75,972.00,979.458195948179260417,124043,4045,121494933.00,40876,32.95,34.40,-15.75
22-January-2021,1008.70,1008.70,975.25,980.25,985.398208281136678314,121336,4176,119564277.00,24377,20.09,33.45,-28.45
21-January-2021,1030.00,1032.00,995.00,1003.75,1010.134288919525315600,147972,4546,149471591.00,21674,14.65,37.00,-26.25
20-January-2021,995.00,1022.50,995.00,1019.20,1015.474369821166775383,154837,6275,157233005.00,50261,32.46,27.50,24.20
19-January-2021,998.05,1008.90,987.45,992.65,996.489466739256812246,108371,4879,107990560.00,35858,33.09,21.45,-5.40
18-January-2021,1005.00,1013.90,992.05,998.00,1003.441608855072214284,116182,5785,116581853.00,27698,23.84,21.85,-7.00
15-January-2021,1052.50,1062.85,1003.00,1007.10,1023.181123271354340259,183019,10360,187261586.00,50668,27.68,59.85,-45.40
14-January-2021,1070.00,1070.00,1030.60,1052.95,1059.502876393324926594,325929,5498,345322713.00,200846,61.62,39.40,-17.05
13-January-2021,1074.00,1078.50,1050.30,1068.55,1067.588881909547738693,168752,6384,180157759.00,76696,45.45,28.20,-5.45
12-January-2021,1079.00,1079.00,1053.00,1064.15,1064.106674685036021916,164622,6599,175175369.00,31944,19.40,26.00,-14.85
11-January-2021,1068.80,1081.35,1040.50,1077.65,1062.374604439744631823,253438,6409,269246095.00,35600,14.05,40.85,8.85
8-January-2021,998.00,1059.95,998.00,1050.95,1037.308976337030841440,307865,10853,319351128.00,104733,34.02,61.95,52.95
7-January-2021,1003.00,1009.30,988.85,994.80,999.128644429377036167,60469,2352,60416310.00,8723,14.43,20.45,-8.20
6-January-2021,1007.00,1025.95,983.40,996.50,1007.949340945503353167,211591,7785,213273009.00,43455,20.54,42.55,-10.50
5-January-2021,1002.00,1008.00,992.25,1004.10,1001.384481576096140274,100603,2900,100742283.00,23629,23.49,15.75,2.10
4-January-2021,984.90,1004.25,975.20,1001.60,992.878786919163130449,94734,2811,94059379.00,21596,22.80,29.05,16.70
1-January-2021,973.05,981.15,971.80,977.55,977.666007905138339920,28842,996,28197843.00,6015,20.86,9.35,4.50
31-December-2020,987.00,987.00,968.95,973.05,975.265356265356265356,51689,1754,50410491.00,9305,18.00,18.05,-13.95
30-December-2020,968.15,984.85,968.15,982.90,977.237795079241937271,216552,6209,211622799.00,67654,31.24,16.70,14.75
29-December-2020,947.25,968.00,944.65,965.75,961.675002533184719829,148035,4900,142361559.00,63072,42.61,23.35,18.50
28-December-2020,946.00,956.15,944.10,947.25,950.609932306717865484,50522,1648,48026715.00,20056,39.70,12.05,1.25
24-December-2020,949.00,956.00,934.30,946.50,945.698809123828722887,53574,2164,50664868.00,11846,22.11,21.70,-2.50
23-December-2020,948.00,960.00,941.25,947.95,950.346752581528799542,134707,4238,128018360.00,27198,20.19,18.75,-0.05
22-December-2020,906.05,948.10,903.10,944.30,927.724078541750435598,149220,3666,138434987.00,40795,27.34,45.00,38.25
21-December-2020,933.35,944.40,890.10,906.20,930.880555923619392547,203769,4346,189684600.00,33753,16.56,54.30,-27.15
18-December-2020,933.00,947.00,929.00,933.35,936.110544350665777430,217415,3324,203524474.00,28607,13.16,18.00,0.35
17-December-2020,923.90,932.15,912.70,929.65,924.826821671668354933,105631,3495,97690382.00,40066,37.93,19.45,5.75
16-December-2020,938.00,938.00,916.65,922.05,921.614513680928744308,73131,1954,67398591.00,12988,17.76,21.35,-15.95
15-December-2020,900.00,928.00,899.00,927.00,915.379674728641351826,83561,2057,76490041.00,23204,27.77,29.00,27.00
14-December-2020,924.00,924.00,905.95,908.55,910.414117929410352948,66667,3179,60694578.00,25548,38.32,18.05,-15.45
11-December-2020,927.25,931.00,916.55,919.00,924.111290923609262709,93925,3938,86797153.00,33942,36.14,14.45,-8.25
10-December-2020,928.00,932.70,916.55,927.75,926.260202133858425927,49769,2140,46099044.00,11137,22.38,16.15,-0.25
9-December-2020,939.80,939.80,926.45,929.20,934.101417798936650797,57554,1663,53761273.00,15407,26.77,13.35,-10.60
8-December-2020,943.55,947.05,922.55,931.80,933.213621860490269547,129439,5484,120794238.00,37293,28.81,24.50,-11.75
7-December-2020,919.00,950.05,915.00,944.80,937.923336552741169995,96291,3148,90313576.00,32551,33.80,35.05,25.80
4-December-2020,910.00,929.30,907.95,922.60,916.238184418977691786,241884,4758,221623357.00,64977,26.86,21.35,12.60
3-December-2020,912.00,920.05,903.00,914.65,909.027490019383576590,311604,4556,283256602.00,220266,70.69,17.05,2.65
2-December-2020,895.00,912.05,887.60,908.40,899.490182950893612223,141896,3939,127634059.00,30299,21.35,24.45,13.40
1-December-2020,895.00,914.20,872.60,906.75,893.876421486056522552,133575,4456,119399543.00,40866,30.59,41.60,11.75
27-November-2020,861.00,884.30,855.60,876.15,870.773431958658425372,148035,6012,128904945.00,66333,44.81,28.70,15.15
26-November-2020,865.00,867.95,847.00,857.25,854.027444285860875567,107199,4031,91550888.00,20842,19.44,20.95,-7.75
25-November-2020,872.00,877.55,855.35,862.25,863.331796800618383718,106083,3012,91584827.00,18309,17.26,22.20,-9.75
24-November-2020,870.00,890.00,864.30,877.55,881.005393411292151209,246968,9172,217580140.00,91342,36.99,25.70,7.55
23-November-2020,837.00,869.00,837.00,865.75,857.105227271846804092,258127,11706,221242001.00,112824,43.71,32.00,28.75
20-November-2020,824.10,844.95,824.10,837.85,838.629733644721672037,101481,3470,85104984.00,19314,19.03,20.85,13.75
19-November-2020,834.90,848.95,819.95,821.85,837.962621553778977788,142221,3720,119175882.00,67817,47.68,29.00,-13.05
18-November-2020,843.00,843.70,830.50,836.05,836.384150920264202412,130506,3663,109153150.00,70258,53.84,13.20,-6.95
17-November-2020,845.30,856.20,831.10,845.30,842.616744573108112893,112956,4281,95178617.00,38521,34.10,25.10,0.00
14-November-2020,845.00,845.30,837.85,840.20,841.371002526341733933,16229,1093,13654610.00,9416,58.02,7.45,-4.80
13-November-2020,836.90,845.50,833.60,838.95,842.131946773098659513,366807,4582,308899893.00,301000,82.06,11.90,2.05
12-November-2020,835.55,847.60,835.55,843.40,842.844446200599168061,139193,4750,117318047.00,62082,44.60,12.05,7.85
11-November-2020,822.30,840.00,813.60,837.60,827.088768865971621062,106276,4374,87899686.00,25487,23.98,26.40,15.30
10-November-2020,875.00,875.00,819.15,821.20,831.208312999936347626,377048,10997,313405432.00,175232,46.47,55.85,-53.80
9-November-2020,856.00,877.00,855.15,872.20,865.815158434151935613,96791,3703,83803115.00,40471,41.81,21.85,16.20
6-November-2020,835.00,853.60,824.60,850.95,842.110177686035427482,145819,6099,122795664.00,60849,41.73,29.00,15.95
5-November-2020,835.00,849.45,833.75,840.90,842.249141046807371380,89644,3098,75502582.00,17863,19.93,15.70,5.90
4-November-2020,810.05,836.00,810.05,826.35,826.672135550924742549,230821,6872,190813289.00,78189,33.87,25.95,16.30
3-November-2020,825.00,825.00,803.90,808.90,813.610436455452687267,58219,2589,47367586.00,11375,19.54,21.10,-16.10
2-November-2020,815.00,824.75,809.75,814.10,817.479819126637104790,194169,5579,158729239.00,107444,55.34,15.00,-0.90
30-October-2020,806.00,818.70,803.25,813.70,811.426558651041505622,97023,4051,78727039.00,28732,29.61,15.45,7.70
29-October-2020,791.45,808.30,782.25,805.45,792.912486791196049488,243209,5691,192843453.00,48114,19.78,26.05,14.00
28-October-2020,828.10,836.00,801.15,803.95,822.903772048215199888,429740,7899,353634667.00,269657,62.75,34.85,-24.15
27-October-2020,824.40,833.55,816.20,828.85,826.563230801886357134,108357,5071,89563912.00,34846,32.16,17.35,4.45
26-October-2020,834.00,854.65,813.95,819.45,834.379756096621780332,259693,9347,216682582.00,78064,30.06,40.70,-14.55
23-October-2020,839.00,857.00,833.40,848.10,846.470064297046789322,215562,4809,182466780.00,77437,35.92,23.60,9.10
22-October-2020,842.20,853.90,828.80,838.10,840.284912418643253396,91572,3192,76946570.00,15882,17.34,25.10,-4.10
21-October-2020,850.50,857.40,834.50,845.30,848.157849914504893513,150301,5420,127478973.00,33771,22.47,22.90,-5.20
20-October-2020,818.00,852.80,818.00,850.15,842.940713199451829835,172939,5985,145777324.00,56869,32.88,34.80,32.15
19-October-2020,829.90,836.75,817.40,824.95,828.050452704312604241,117516,4204,97309177.00,30214,25.71,19.35,-4.95
16-October-2020,814.50,828.15,799.05,822.80,817.099002808626864902,194045,5119,158553976.00,18013,9.28,29.10,8.30
15-October-2020,851.00,857.10,807.00,812.20,833.549593281997303935,433224,10009,361113689.00,264573,61.07,50.10,-38.80
14-October-2020,868.00,873.80,845.70,848.90,855.705529790913378399,101776,3144,87090286.00,20194,19.84,28.10,-19.10
13-October-2020,857.70,879.65,852.00,867.40,867.375394321766561514,200027,6412,173498498.00,54519,27.26,27.65,9.70
12-October-2020,857.10,864.70,848.90,856.95,856.913824290336761240,138763,3377,118907933.00,31248,22.52,15.80,-0.15
9-October-2020,857.00,862.35,845.50,854.60,853.262943559939426185,97732,3829,83391094.00,21773,22.28,16.85,-2.40
8-October-2020,858.20,887.50,858.00,860.35,873.401311746381571976,283134,10123,247289607.00,70767,24.99,29.50,2.15
7-October-2020,846.55,848.35,838.00,846.60,842.963182946735984417,72901,2136,61452859.00,11315,15.52,10.35,0.05
6-October-2020,855.00,855.00,832.05,847.00,841.187006216162021255,149610,4911,125849988.00,41328,27.62,22.95,-8.00
5-October-2020,822.00,850.15,822.00,841.25,835.908565197440161050,202669,6771,169412753.00,70959,35.01,28.15,19.25
1-October-2020,797.90,825.00,797.20,822.65,815.233486084142394822,193125,4749,157441967.00,47423,24.56,27.80,24.75
30-September-2020,780.00,794.80,766.00,791.70,782.409307299572236787,144940,4265,113402405.00,35525,24.51,28.80,11.70
29-September-2020,779.00,789.90,764.35,768.20,777.976193391134013734,89849,3062,69900383.00,17098,19.03,25.55,-10.80
28-September-2020,784.00,784.35,772.00,779.40,778.151330476643918954,94515,3562,73546973.00,29365,31.07,12.35,-4.60
25-September-2020,753.00,777.05,749.10,772.55,764.520712686720899464,218441,4336,167002669.00,15057,6.89,27.95,19.55
24-September-2020,786.25,786.30,747.35,751.35,769.983465410152066823,163415,4034,125826848.00,67523,41.32,38.95,-34.90
23-September-2020,807.20,811.60,783.45,792.80,796.893523343270077474,123783,3857,98641871.00,20598,16.64,28.15,-14.40
22-September-2020,790.00,810.70,771.80,800.50,795.127494628481558117,251791,6580,200205947.00,30966,12.30,38.90,10.50
21-September-2020,805.00,829.95,784.45,787.15,816.148310034553522880,285065,8881,232655318.00,70198,24.63,45.50,-17.85
18-September-2020,794.80,808.40,789.55,805.00,801.936993383492112403,116829,3658,93689497.00,26490,22.67,18.85,10.20
17-September-2020,785.00,811.30,781.00,786.95,799.044930129422483726,182194,5853,145581192.00,25138,13.80,30.30,1.95
16-September-2020,791.15,793.95,784.30,792.05,789.394541498037461105,49171,1723,38815319.00,12404,25.23,9.65,0.90
15-September-2020,791.00,802.80,775.10,791.15,789.418092222090683082,135152,3775,106691434.00,20225,14.96,27.70,0.15
14-September-2020,768.00,796.25,768.00,790.65,787.306594160111235976,210004,5669,165337534.00,60471,28.80,28.25,22.65
11-September-2020,745.00,770.20,745.00,764.95,761.872785137446791582,125685,4488,95755981.00,36785,29.27,25.20,19.95
10-September-2020,756.00,758.00,740.00,750.10,748.064600507292327203,50464,1925,37750332.00,11527,22.84,18.00,-5.90
9-September-2020,745.00,759.85,745.00,753.35,750.070507812500000000,138240,2525,103689747.00,19953,14.43,14.85,8.35
8-September-2020,748.20,769.15,745.40,752.15,759.954346534118536927,92545,2880,70329975.00,9996,10.80,23.75,3.95
7-September-2020,748.10,751.40,734.25,746.95,743.750719402055434444,80275,3354,59704589.00,26000,32.39,17.15,-1.15
4-September-2020,743.20,758.10,743.20,748.55,750.605039344107807567,84892,3498,63720363.00,26634,31.37,14.90,5.35
3-September-2020,728.10,761.85,728.10,759.60,752.362681175065129467,69477,2829,52271902.00,17352,24.98,33.75,31.50
2-September-2020,728.00,745.00,728.00,735.00,735.327088317336484664,312249,4043,229605148.00,234000,74.94,17.00,7.00
1-September-2020,737.00,752.50,723.20,728.20,738.814874046767140120,110676,4790,81769075.00,36040,32.56,29.30,-8.80
31-August-2020,752.30,774.55,732.15,741.20,755.445523424173906144,126045,4686,95220131.00,20960,16.63,42.40,-11.10
28-August-2020,737.10,758.05,737.10,752.25,752.502319971121422093,113579,3473,85468461.00,23321,20.53,20.95,15.15
27-August-2020,733.00,746.00,733.00,735.25,739.810571184995737425,70380,2961,52067868.00,14725,20.92,13.00,2.25
26-August-2020,739.10,741.00,727.00,732.70,732.793768242377244283,92847,3611,68037703.00,26924,29.00,14.00,-6.40
25-August-2020,725.50,739.95,714.50,738.70,729.180148104964361809,144087,5615,105065380.00,49753,34.53,25.45,13.20
24-August-2020,734.90,735.00,719.50,722.70,724.972330415332999113,259310,2142,187992575.00,214238,82.62,15.50,-12.20
21-August-2020,731.80,736.70,730.00,732.45,734.190480519131722857,484039,4313,355376826.00,287062,59.31,6.70,0.65
20-August-2020,710.00,732.00,710.00,726.00,728.681737576241209219,428574,4500,312294047.00,309902,72.31,22.00,16.00
19-August-2020,712.00,728.90,709.30,726.80,722.636841107209966498,174023,6242,125755431.00,77854,44.74,19.60,14.80
18-August-2020,724.10,727.85,710.10,713.15,716.545172178818756635,126206,4795,90432300.00,32147,25.47,17.75,-10.95
17-August-2020,703.50,724.15,699.00,721.10,712.757646597189430769,300722,9287,214341905.00,137187,45.62,25.15,17.60
14-August-2020,691.00,710.95,691.00,695.90,702.384745813900310209,231779,7853,162798034.00,79024,34.09,19.95,4.90
13-August-2020,695.80,705.25,684.70,697.25,692.339771086270524683,1121820,8032,776680602.00,93305,8.32,20.55,1.45
12-August-2020,671.00,693.70,671.00,692.20,684.257991439940562739,219391,6812,150120045.00,100026,45.59,22.70,21.20
11-August-2020,690.50,694.30,672.25,674.85,676.807654256742255189,1360524,3399,920813057.00,1210977,89.01,22.05,-15.65
10-August-2020,670.00,687.25,662.65,681.35,677.076705867252803670,124658,3791,84403028.00,27595,22.14,24.60,11.35
7-August-2020,660.00,667.85,655.00,662.35,663.092666474725455517,72939,2273,48365316.00,14217,19.49,12.85,2.35
6-August-2020,653.00,666.50,649.50,659.95,652.098477297182682723,1009258,8030,658135605.00,821010,81.35,17.00,6.95
5-August-2020,658.10,661.60,643.00,648.85,651.221270723942613800,193496,5455,126008711.00,49355,25.51,18.60,-9.25
4-August-2020,674.90,675.95,650.65,652.90,656.919488015902343302,156958,4149,103108769.00,40577,25.85,25.30,-22.00
3-August-2020,685.00,686.90,669.50,673.55,676.644550942926495300,128536,4833,86973184.00,38742,30.14,17.40,-11.45
31-July-2020,677.00,685.40,673.50,682.00,680.159938045052021953,148495,4899,101000350.00,47569,32.03,11.90,5.00
30-July-2020,680.15,687.15,669.55,674.90,679.106030527762470371,150617,3836,102284913.00,28248,18.75,17.60,-5.25
29-July-2020,689.40,695.00,671.30,675.90,678.549371338083927157,157875,4074,107125982.00,35409,22.43,23.70,-13.50
28-July-2020,672.00,702.40,668.00,683.50,686.292616613017136542,819827,18160,562641217.00,98675,12.04,34.40,11.50
27-July-2020,650.00,671.45,642.80,664.05,661.292223627167630057,487168,14106,322160410.00,132415,27.18,28.65,14.05
24-July-2020,633.00,655.00,625.20,652.75,641.913211315386298971,365520,9884,234632117.00,47383,12.96,29.80,19.75
23-July-2020,613.70,634.45,606.65,632.20,622.667140128324435519,387923,9196,241546905.00,90042,23.21,27.80,18.50
22-July-2020,621.50,626.30,611.50,618.10,617.758487976609582910,234626,5285,144942203.00,38409,16.37,14.80,-3.40
21-July-2020,630.00,634.45,615.60,620.80,621.312158645824828917,477693,9278,296796469.00,85748,17.95,18.85,-9.20
20-July-2020,605.00,625.80,598.05,623.40,610.145977583684059676,265164,7605,161788748.00,66293,25.00,27.75,18.40
17-July-2020,609.00,609.00,590.30,599.95,598.389837907603537941,210744,5570,126107068.00,89586,42.51,18.70,-9.05
16-July-2020,625.00,638.80,588.45,599.30,612.821757189278995333,409290,11515,250821817.00,65300,15.95,50.35,-25.70
15-July-2020,600.50,629.75,600.50,614.90,620.940106786776522345,362779,9365,225264031.00,56235,15.50,29.25,14.40
14-July-2020,594.00,603.60,593.00,598.25,597.700134824727853790,200260,6354,119695429.00,73489,36.70,10.60,4.25
13-July-2020,570.00,601.55,570.00,600.10,591.392057441840839404,426588,9490,252280755.00,70408,16.50,31.55,30.10
10-July-2020,577.00,577.00,561.60,568.65,568.075331112923925863,192457,5007,109330074.00,36021,18.72,15.40,-8.35
9-July-2020,580.70,587.20,572.40,576.70,578.554825037473510104,96735,3652,55966501.00,25517,26.38,14.80,-4.00
8-July-2020,590.00,593.55,576.40,583.85,584.605314058841494451,78584,2681,45940624.00,18511,23.56,17.15,-6.15
7-July-2020,586.00,592.45,577.35,586.60,586.798702300104524243,175079,9188,102736130.00,66416,37.93,15.10,0.60
6-July-2020,575.90,587.80,572.90,581.50,581.272693604662495370,256515,6860,149105165.00,64476,25.14,14.90,5.60
3-July-2020,563.00,572.30,561.30,567.00,566.553768036220539076,118165,3754,66946826.00,28919,24.47,11.00,4.00
2-July-2020,549.90,562.50,542.75,560.75,554.145462300416084771,555656,34040,307914251.00,363666,65.45,19.75,10.85
1-July-2020,543.10,547.20,536.45,545.95,542.107313326917281538,102867,4376,55764953.00,36236,35.23,10.75,2.85
30-June-2020,544.00,548.50,541.60,543.45,544.982334575485950246,99290,3319,54111296.00,33078,33.31,6.90,-0.55
29-June-2020,558.90,558.90,539.25,541.60,545.223643501743609915,132197,5606,72076930.00,67794,51.28,19.65,-17.30
26-June-2020,554.00,574.90,552.80,561.05,565.789907064772181576,212406,7213,120177171.00,56790,26.74,22.10,7.05
25-June-2020,551.50,565.45,551.50,554.35,558.901689525671835451,109439,4178,61165642.00,36181,33.06,13.95,2.85
24-June-2020,560.00,566.20,554.90,561.40,561.083236370179331853,83365,3089,46774704.00,23854,28.61,11.30,1.40
23-June-2020,546.10,560.00,543.50,558.75,554.503880152706449120,176024,6183,97605991.00,88935,50.52,16.50,12.65
22-June-2020,539.05,553.40,538.70,548.60,546.862232855119660102,124979,4308,68346295.00,29960,23.97,14.70,9.55
19-June-2020,540.00,542.70,532.00,538.65,536.439030852947639174,154734,5204,83005357.00,77149,49.86,10.70,-1.35
18-June-2020,536.90,539.90,531.05,536.10,535.152623118172324372,85223,4498,45607312.00,39134,45.92,8.85,-0.80
17-June-2020,533.05,544.95,528.40,535.70,538.269807025151777970,92240,3293,49650007.00,21743,23.57,16.55,2.65
16-June-2020,555.05,555.80,531.25,533.05,542.072179436040624712,162955,4869,88333372.00,41467,25.45,24.55,-22.00
15-June-2020,555.10,560.10,543.90,548.10,550.697607218898915137,78904,3635,43452244.00,17753,22.50,16.20,-7.00
12-June-2020,555.55,561.45,548.15,554.85,555.816175496249966872,150932,4897,83890447.00,39321,26.05,13.30,-0.70
11-June-2020,591.00,591.00,564.85,571.75,576.365644250395877383,109251,4153,62968523.00,34862,31.91,26.15,-19.25
10-June-2020,591.70,596.95,582.60,590.30,589.146725455896096427,83462,2925,49171364.00,15272,18.30,14.35,-1.40
9-June-2020,591.05,605.00,584.15,585.80,594.221848428835489833,162300,4886,96442206.00,28671,17.67,20.85,-5.25
8-June-2020,580.35,599.50,580.35,590.80,592.664882365637815670,115825,3168,68645410.00,24575,21.22,19.15,10.45
5-June-2020,589.00,593.50,575.40,579.95,584.097185267267538123,155219,4869,90662981.00,27090,17.45,18.10,-9.05
4-June-2020,555.00,584.00,555.00,582.45,576.123050620335928655,302981,7444,174554338.00,48655,16.06,29.00,27.45
3-June-2020,550.10,565.45,550.10,552.90,559.075280784327052146,117706,4174,65806515.00,22958,19.50,15.35,2.80
2-June-2020,547.90,548.50,538.60,547.55,544.554245177460502170,89372,3023,48667902.00,25518,28.55,9.90,-0.35
1-June-2020,535.00,554.65,535.00,543.00,545.348694178790791638,122758,4110,66945915.00,30350,24.72,19.65,8.00
29-May-2020,531.00,535.60,525.00,530.40,529.837854298699731672,696164,3504,368854040.00,44070,6.33,10.60,-0.60
28-May-2020,529.80,532.05,517.50,529.90,528.496502267978051995,757062,3484,400104619.00,32142,4.25,14.55,0.10
27-May-2020,522.90,525.85,512.10,523.50,520.693704099575905940,58006,2192,30203359.00,10860,18.72,13.75,0.60
26-May-2020,534.00,540.25,518.55,520.00,527.848716490080352698,84378,3761,44538819.00,21902,25.96,21.70,-14.00
22-May-2020,515.00,530.65,515.00,529.70,529.049026242821661826,304388,2751,161036175.00,235750,77.45,15.65,14.70
21-May-2020,520.00,521.50,510.05,519.90,517.043664546318637128,68385,3378,35358031.00,10973,16.05,11.45,-0.10
20-May-2020,515.00,524.75,511.00,519.35,519.475656932112004169,49891,2518,25917160.00,15782,31.63,13.75,4.35
19-May-2020,506.00,519.40,503.85,512.65,513.977517150474821005,66762,2288,34314167.00,18286,27.39,15.55,6.65
18-May-2020,512.90,514.85,501.50,503.85,508.126423232141123607,72107,2870,36639472.00,21550,29.89,13.35,-9.05
15-May-2020,518.30,519.80,507.65,510.40,511.835133652112565650,63785,2201,32647404.00,19705,30.89,12.15,-7.90
14-May-2020,536.20,536.20,514.00,515.85,520.131923851082463930,195249,5741,101555238.00,84445,43.25,22.20,-20.35
13-May-2020,545.00,549.20,531.75,544.40,543.028002577117085971,63637,2373,34556673.00,20079,31.55,17.45,-0.60
12-May-2020,522.00,539.45,522.00,532.90,536.031782000552130302,173872,3260,93200918.00,26700,15.36,17.45,10.90
11-May-2020,543.00,543.60,528.25,530.20,535.613138432089097711,57465,2137,30779009.00,13499,23.49,15.35,-12.80
8-May-2020,525.00,538.05,519.35,536.00,531.890031040207897206,138530,4820,73682726.00,41948,30.28,18.70,11.00
7-May-2020,510.00,525.80,506.40,516.05,515.270526807460047375,239784,5686,123553628.00,35304,14.72,19.40,6.05
6-May-2020,505.20,509.20,490.10,507.25,503.296503113665913912,73065,2788,36773359.00,15019,20.56,19.10,2.05
5-May-2020,506.00,513.35,498.40,499.75,505.506748188405797101,110400,5821,55807945.00,46675,42.28,14.95,-6.25
4-May-2020,516.80,517.65,498.10,502.45,505.254040920967008819,305809,14433,154511233.00,116391,38.06,19.55,-14.35
30-April-2020,537.20,552.40,532.35,546.10,543.275831394232795067,213587,7126,116036655.00,44490,20.83,20.05,8.90
29-April-2020,528.70,536.90,522.35,528.85,530.052236675126903553,126080,4865,66828986.00,37679,29.88,14.55,0.15
28-April-2020,519.85,528.15,517.20,520.40,523.041954839728406758,126660,5565,66248494.00,41582,32.83,10.95,0.55
27-April-2020,510.00,519.00,506.40,511.80,513.264045616450657008,66818,2321,34295277.00,15992,23.93,12.60,1.80
24-April-2020,527.00,532.80,502.00,503.55,514.855304069359713525,161131,6947,82959150.00,58427,36.26,30.80,-23.45
23-April-2020,523.95,527.50,509.20,523.40,517.685388543050989718,157267,6201,81414828.00,30195,19.20,18.30,-0.55
22-April-2020,515.00,521.80,507.85,518.60,517.486680535823016034,39416,1800,20397255.00,11433,29.01,13.95,3.60
21-April-2020,519.00,520.00,506.20,512.80,513.321206589982848420,63551,3304,32622076.00,23434,36.87,13.80,-6.20
20-April-2020,519.80,531.95,512.45,524.80,523.472227897350258045,112577,4531,58930933.00,30363,26.97,19.50,5.00
17-April-2020,533.10,533.10,500.15,509.60,507.734427118008972870,298901,13139,151762328.00,112586,37.67,32.95,-23.50
16-April-2020,528.00,529.60,508.80,517.90,515.872529306438434749,172573,7367,89025670.00,60653,35.15,20.80,-10.10
15-April-2020,527.50,548.50,527.50,538.05,537.377953544527079870,1827169,3692,981880338.00,1752337,95.90,21.00,10.55
13-April-2020,555.00,555.00,522.00,527.15,528.303077791621242797,102736,4253,54275745.00,29972,29.17,33.00,-27.85
9-April-2020,566.40,582.30,537.60,545.15,550.504586968235671266,146611,6032,80710028.00,39478,26.93,44.70,-21.25
8-April-2020,535.00,569.25,535.00,559.55,560.122376094886524977,91562,4306,51285925.00,17285,18.88,34.25,24.55
7-April-2020,535.00,556.60,535.00,546.50,545.359990698461018095,94608,3961,51595418.00,19348,20.45,21.60,11.50
3-April-2020,512.90,532.50,510.20,520.65,520.862176339862525195,154792,9886,80625298.00,47136,30.45,22.30,7.75
1-April-2020,562.00,562.00,510.00,511.20,533.738474367140215327,324993,5283,173461268.00,42093,12.95,52.00,-50.80
31-March-2020,548.00,575.00,528.00,564.95,547.261854340100287230,82164,4852,44965223.00,19848,24.16,47.00,16.95
30-March-2020,500.00,532.15,486.80,528.50,522.003925164026014955,69806,3235,36439006.00,18504,26.51,45.35,28.50
27-March-2020,542.00,542.00,499.25,503.60,516.667754240109581743,105127,3722,54315731.00,44957,42.76,42.75,-38.40
26-March-2020,539.00,564.00,513.60,515.75,530.969235225955967555,86300,3031,45822645.00,36149,41.89,50.40,-23.25
25-March-2020,508.90,542.70,508.00,529.50,524.260065288356909684,45031,2505,23607955.00,10193,22.64,34.70,20.60
24-March-2020,495.00,539.60,490.05,504.00,509.366372907501571159,140024,7872,71323517.00,58997,42.13,49.55,9.00
23-March-2020,560.00,560.00,470.25,490.55,514.969235891795901482,99109,5224,51038086.00,35903,36.23,89.75,-69.45
20-March-2020,535.00,583.90,528.00,576.45,568.587508053229067158,180052,11307,102375318.00,43884,24.37,55.90,41.45
19-March-2020,560.00,577.45,523.25,530.45,548.816098189462263511,132723,7168,72840519.00,33109,24.95,54.20,-29.55
18-March-2020,600.00,612.00,571.00,579.30,590.801500169772299334,97189,5678,57419407.00,49710,51.15,41.00,-20.70
17-March-2020,595.00,617.40,584.00,595.40,605.400937849542547394,69734,3500,42217029.00,17871,25.63,33.40,0.40
16-March-2020,648.90,648.90,591.05,604.20,610.402428231305236652,80223,4074,48968314.00,21058,26.25,57.85,-44.70
13-March-2020,640.00,669.80,550.00,655.40,625.046459532716561008,133923,6347,83708097.00,26004,19.42,119.80,15.40
12-March-2020,685.10,686.35,637.90,649.80,658.601331312736279494,122736,8002,80834093.00,46345,37.76,48.45,-35.30
11-March-2020,700.00,713.80,665.70,708.75,698.123184642958843531,59699,5611,41677256.00,17030,28.53,48.10,8.75
9-March-2020,741.00,741.00,696.80,703.75,707.962452085027297014,68872,3444,48758790.00,25977,37.72,44.20,-37.25
6-March-2020,749.60,749.60,732.65,740.85,740.997333442041931144,417017,1354,309008485.00,396050,94.97,16.95,-8.75
5-March-2020,763.25,784.00,750.55,753.45,768.923957972940983666,54917,1543,42226997.00,18145,33.04,33.45,-9.80
4-March-2020,754.00,774.10,748.50,771.00,762.002409510479598887,56443,1650,43009702.00,12856,22.78,25.60,17.00
3-March-2020,745.00,757.25,742.90,752.55,749.305985104537433075,33433,1099,25051547.00,8176,24.45,14.35,7.55
2-March-2020,744.50,754.00,734.75,744.20,746.056740822262400754,63605,3031,47452939.00,19315,30.37,19.25,-0.30
28-February-2020,801.55,801.55,733.05,743.90,752.759995679666941596,101844,4345,76664089.00,27967,27.46,68.50,-57.65
27-February-2020,811.80,817.00,800.80,809.80,807.356968994494349463,34510,2662,27861889.00,11526,33.40,16.20,-2.00
26-February-2020,823.45,825.95,808.25,811.20,816.717751695257122000,52057,2505,42515876.00,15085,28.98,17.70,-12.25
25-February-2020,822.00,825.00,809.60,823.80,817.066224639695080795,50374,2400,41158894.00,19570,38.85,15.40,1.80
24-February-2020,835.00,843.40,816.00,820.15,832.294076052796983029,38184,1869,31780317.00,10631,27.84,27.40,-14.85
20-February-2020,841.00,845.70,828.00,829.55,836.463249871503047213,40857,2398,34175379.00,17513,42.86,17.70,-11.45
19-February-2020,839.00,844.00,836.05,840.95,840.401370585134422772,18970,937,15942414.00,6225,32.81,7.95,1.95
18-February-2020,827.45,840.00,827.45,838.55,835.835168835896969145,32961,1316,27549963.00,12600,38.23,12.55,11.10
17-February-2020,834.00,836.75,827.45,833.10,832.082549324641331456,40497,1322,33696847.00,20406,50.39,9.30,-0.90
14-February-2020,827.65,837.70,826.65,833.95,834.038912726843286226,50806,1870,42374181.00,22136,43.57,11.05,6.30
13-February-2020,824.00,830.30,814.55,828.00,824.020278271166370633,33780,1976,27835405.00,16011,47.40,15.75,4.00
12-February-2020,823.00,826.75,817.35,821.35,823.089346009616132696,64267,2798,52897483.00,15657,24.36,9.40,-1.65
11-February-2020,813.00,821.15,811.35,819.80,816.925374797971353731,17943,813,14658092.00,7060,39.35,9.80,6.80
10-February-2020,825.00,825.60,811.60,813.40,816.723252220934723831,20712,1012,16915972.00,8100,39.11,14.00,-11.60
7-February-2020,818.20,825.00,815.00,824.10,820.056958987783595113,45840,1894,37591411.00,20488,44.69,10.00,5.90
6-February-2020,812.50,825.50,811.35,817.60,819.099664706739880460,41158,1350,33712504.00,13711,33.31,14.15,5.10
5-February-2020,812.00,816.00,807.10,814.05,811.776116596144804889,31905,1534,25899717.00,10544,33.05,8.90,2.05
4-February-2020,792.35,812.80,792.35,811.10,809.113714798453892876,115904,2722,93779516.00,16491,14.23,20.45,18.75
3-February-2020,807.50,818.05,789.80,792.35,805.762297014325137635,72111,3663,58104325.00,15158,21.02,28.25,-15.15
1-February-2020,795.20,812.00,766.95,807.50,795.700917855256207078,151440,4784,120500947.00,40809,26.95,45.05,12.30
31-January-2020,799.05,801.75,783.00,795.40,792.434391421046662550,79357,3547,62885216.00,21359,26.92,18.75,-3.65
30-January-2020,807.00,808.00,784.45,791.35,794.556225456225456225,43290,2474,34396339.00,14670,33.89,23.55,-15.65
29-January-2020,799.00,807.15,793.80,804.15,803.295739299610894941,51400,3513,41289401.00,15804,30.75,13.35,5.15
28-January-2020,791.30,796.00,785.00,794.15,791.570866013603671038,30727,1644,24322598.00,12368,40.25,11.00,2.85
27-January-2020,785.00,796.00,780.00,791.30,789.565983725193785983,31091,2099,24548396.00,11918,38.33,16.00,6.30
24-January-2020,767.00,788.85,763.75,787.35,777.934896249002394253,50120,3542,38990097.00,16718,33.36,25.10,20.35
23-January-2020,778.10,779.90,767.00,768.85,770.843101174594412242,32607,1772,25134881.00,11455,35.13,12.90,-9.25
22-January-2020,783.00,790.00,776.80,778.10,782.283229242499712632,26099,1314,20416810.00,6976,26.73,13.20,-4.90
21-January-2020,779.00,783.20,775.40,778.85,779.510180055401662049,14440,845,11256127.00,3753,25.99,7.80,-0.15
20-January-2020,784.85,785.10,774.40,778.35,779.901102116453720862,20506,2792,15992652.00,8281,40.38,10.70,-6.50
17-January-2020,782.85,786.75,775.60,778.30,780.164957695971311705,17847,1938,13923604.00,8916,49.96,11.15,-4.55
16-January-2020,790.55,795.65,781.60,782.85,784.083753660294050009,65227,2588,51143431.00,19764,30.30,14.05,-7.70
15-January-2020,797.00,803.00,789.00,794.80,795.698644333650775866,35702,1470,28408033.00,9717,27.22,14.00,-2.20
14-January-2020,789.90,797.65,783.80,796.20,791.676170689702304475,36581,2462,28960306.00,14066,38.45,13.85,6.30
13-January-2020,778.80,788.20,775.20,785.85,784.584881100404103201,51472,1283,40384153.00,24193,47.00,13.00,7.05
10-January-2020,778.00,781.80,772.45,776.30,776.914494264859228362,16303,1373,12666037.00,7338,45.01,9.35,-1.70
9-January-2020,771.45,776.55,762.45,773.15,770.427196120327467409,41653,2348,32090604.00,15038,36.10,14.10,1.70
8-January-2020,776.90,784.90,767.50,769.70,778.048617998361433314,46382,2034,36087451.00,7839,16.90,17.40,-7.20
7-January-2020,770.05,778.65,760.65,777.50,772.165851429800043001,37208,1316,28730747.00,10008,26.90,18.00,7.45
6-January-2020,775.00,779.10,767.75,770.05,774.657190236136906341,150760,2396,116787318.00,128810,85.44,11.35,-4.95
3-January-2020,765.50,779.75,764.05,775.05,774.862972039327999055,33869,1552,26243834.00,9509,28.08,15.70,9.55
2-January-2020,762.10,769.10,761.85,766.00,766.192925049745743975,22615,832,17327453.00,5632,24.90,7.25,3.90
1-January-2020,764.50,766.40,760.70,761.95,763.262467191601049868,13716,590,10468908.00,3640,26.54,5.70,-2.55
